game_id,season,week,date,kickoff,opponent,site,stadium,michigan_points,opponent_points,attendance,temperature_f,weather,student_tickets_sold,avg_ticket_price,head_coach
2010-W01,2010,1,2010-09-04,12:00 PM,Appalachian State,Away,Kidd Brewer Stadium,15,12,29876.0,67.7,Cloudy,,$81.92,Rich Rodriguez
2010-W02,2010,2,2010-09-11,12:00 PM,Indiana,Neutral,Mercedes-Benz Stadium,33,12,62634.0,72.0,Rain,,$130.13,Rich Rodriguez
2010-W03,2010,3,2010-09-18,3:30 PM,Wisconsin,Away,Camp Randall Stadium,6,24,76664.0,58.2,Windy,,$148.64,Rich Rodriguez
2010-W04,2010,4,2010-09-25,8:00 PM,Minnesota,Home,Michigan Stadium,22,24,111943.0,67.9,Cloudy,23334.0,$175.30,Rich Rodriguez
2010-W05,2010,5,2010-10-02,3:30 PM,Iowa,Away,Kinnick Stadium,10,31,65256.0,48.2,Overcast,,$125.41,Rich Rodriguez
2010-W06,2010,6,2010-10-09,12:00 PM,Illinois,Home,Michigan Stadium,37,16,111894.0,85.6,Cloudy,15359.0,$134.80,Rich Rodriguez
2010-W07,2010,7,2010-10-16,3:30 PM,Washington,Away,Husky Stadium,27,39,,65.5,Overcast,,$126.91,Rich Rodriguez
2010-W08,2010,8,2010-10-23,4:00 PM,Maryland,Home,Michigan Stadium,30,13,109201.0,43.1,Sunny,21864.0,$155.48,Rich Rodriguez
2010-W09,2010,9,2010-10-30,9:00 PM,Hawaii,Home,Michigan Stadium,27,30,110271.0,56.7,Sunny,18109.0,  $116.52 ,Rich Rodriguez
2010-W10,2010,10,2010-11-06,4:00 PM,Nebraska,Away,Memorial Stadium,24,18,,47.7,Cloudy,,$137.48,Rich Rodriguez
2010-W11,2010,11,2010-11-13,7:00 PM,Western Michigan,Home,Michigan Stadium,31,15,107271.0,35.5,Cloudy,19527.0,$104.40,Rich Rodriguez
2010-W12,2010,12,2010-11-20,9:00 PM,Rutgers,Home,Michigan Stadium,43,34,111045.0,36.9,Cloudy,19708.0,$155.17,Rich Rodriguez
2010-W13,2010,13,2010-11-27,8:00 PM,Ohio State,Home,Michigan Stadium,1,36,115109.0,56.6,Sunny,20339.0,unavailable,Rich Rodriguez
2011-W01,2011,1,2011-09-03,12:00 PM,Washington,Home,Michigan Stadium,25,27,108738.0,74.3,Overcast,16778.0,  $165.18 ,Brady Hoke
2011-W02,2011,2,2011-09-10,3:30 PM,Michigan State,Away,Spartan Stadium,25,22,74197.0,81.3,Sunny,,$311.20,Brady Hoke
2011-W03,2011,3,2011-09-17,7:00 PM,Iowa,Neutral,Ford Field,36,27,66077.0,82.3,Overcast,,$137.36,Brady Hoke
2011-W04,2011,4,2011-09-24,8:00 PM,Florida,Home,Michigan Stadium,24,21,111696.0,70.8,Cloudy,19939.0,$186.39,Brady Hoke
2011-W05,2011,5,2011-10-01,12:00 PM,Penn State,Away,Beaver Stadium,15,19,99105.0,71.4,Sunny,,$165.17,Brady Hoke
2011-W06,2011,6,2011-10-08,12:00 PM,Maryland,Home,Michigan Stadium,43,10,109610.0,67.5,Rain,18668.0,$153.78,Brady Hoke
2011-W07,2011,7,2011-10-15,3:30 PM,Rutgers,Away,SHI Stadium,30,22,48199.0,48.3,Cloudy,,$92.28,Brady Hoke
2011-W08,2011,8,2011-10-22,9:00 PM,Colorado,Home,Michigan Stadium,39,9,113232.0,58.4,Sunny,20344.0,$128.80,Brady Hoke
2011-W09,2011,9,2011-10-29,8:00 PM,Minnesota,Home,Michigan Stadium,33,19,105112.0,64.1,Rain,18666.0,$155.31,Brady Hoke
2011-W10,2011,10,2011-11-05,7:30 PM,Nebraska,Away,Memorial Stadium,18,31,85737.0,31.0,Cloudy,,$128.20,Brady Hoke
2011-W11,2011,11,2011-11-12,8:00 PM,Northwestern,Home,Michigan Stadium,39,19,,,Sunny,18613.0,$162.21,Brady Hoke
2011-W12,2011,12,2011-11-19,7:30 PM,Appalachian State,Home,Michigan Stadium,46,4,112402.0,56.9,Rain,20910.0,$133.21,Brady Hoke
2011-W13,2011,13,2011-11-26,9:00 PM,Ohio State,Away,Ohio Stadium,0,43,102094.0,38.2,Sunny,,unavailable,Brady Hoke
2012-W01,2012,1,2012-09-01,4:00 PM,Notre Dame,Home,Michigan Stadium,30,21,110222.0,71.2,Rain,18316.0,$347.29,Brady Hoke
2012-W02,2012,2,2012-09-08,12:00 PM,Northwestern,Neutral,Mercedes-Benz Stadium,36,13,57660.0,73.4,Cloudy,,$103.01,Brady Hoke
2012-W03,2012,3,2012-09-15,3:30 PM,Rutgers,Away,SHI Stadium,30,22,46427.0,75.3,Rain,,$81.55,Brady Hoke
2012-W04,2012,4,2012-09-22,12:00 PM,Appalachian State,Home,Michigan Stadium,37,10,111228.0,69.3,Overcast,20307.0,$139.24,Brady Hoke
2012-W05,2012,5,2012-09-29,12:00 PM,Nebraska,Home,Michigan Stadium,22,6,111739.0,71.7,Cloudy,17769.0,$180.77,Brady Hoke
2012-W06,2012,6,2012-10-06,7:30 PM,Purdue,Home,Michigan Stadium,34,18,109142.0,49.3,Sunny,19342.0,$166.67,Brady Hoke
2012-W07,2012,7,2012-10-13,7:30 PM,Michigan State,Home,Michigan Stadium,18,25,,67.9,Cloudy,16604.0,$377.52,Brady Hoke
2012-W08,2012,8,2012-10-20,7:00 PM,Virginia Tech,Away,Lane Stadium,28,3,63825.0,68.3,Overcast,,$130.92,Brady Hoke
2012-W09,2012,9,2012-10-27,3:30 PM,Indiana,Away,Memorial Stadium,25,16,49253.0,67.0,Sunny,,$111.45,Brady Hoke
2012-W10,2012,10,2012-11-03,12:00 PM,Wisconsin,Away,Camp Randall Stadium,24,37,68083.0,41.6,Windy,,$131.61,Brady Hoke
2012-W11,2012,11,2012-11-10,7:30 PM,Miami (OH),Home,Michigan Stadium,52,0,112933.0,42.4,Sunny,20193.0,$126.69,Brady Hoke
2012-W12,2012,12,2012-11-17,7:30 PM,Minnesota,Home,Michigan Stadium,42,19,108587.0,,Sunny,18752.0,$173.29,Brady Hoke
2012-W13,2012,13,2012-11-24,3:30 PM,Ohio State,Home,Michigan Stadium,15,30,112642.0,45.2,Cloudy,21370.0,$433.59,Brady Hoke
2013-W01,2013,1,2013-09-07,3:30 PM,Iowa,Neutral,Lucas Oil Stadium,12,21,60575.0,68.6,Cloudy,,$113.48,Brady Hoke
2013-W02,2013,2,2013-09-14,12:00 PM,Minnesota,Home,Michigan Stadium,25,19,111918.0,61.2,Sunny,18313.0,$129.24,Brady Hoke
2013-W03,2013,3,2013-09-21,7:00 PM,Western Michigan,Home,Michigan Stadium,40,7,110088.0,58.8,Cloudy,20052.0,$133.44,Brady Hoke
2013-W04,2013,4,2013-09-28,3:30 PM,Utah,Home,Michigan Stadium,36,39,110347.0,65.9,Sunny,21587.0,$201.22,Brady Hoke
2013-W05,2013,5,2013-10-05,3:30 PM,Michigan State,Home,Michigan Stadium,30,25,113189.0,64.7,Sunny,17641.0,$361.64,Brady Hoke
2013-W06,2013,6,2013-10-12,8:00 PM,Indiana,Home,Michigan Stadium,18,28,108345.0,43.3,Rain,19360.0,$129.96,Brady Hoke
2013-W07,2013,7,2013-10-19,8:00 PM,Nebraska,Away,Memorial Stadium,22,21,84906.0,59.3,Sunny,,$153.10,Brady Hoke
2013-W08,2013,8,2013-10-26,8:00 PM,Bowling Green,Away,Doyt Perry Stadium,46,13,23558.0,61.9,Rain,,$58.50,Brady Hoke
2013-W09,2013,9,2013-11-02,9:00 PM,Wisconsin,Away,Camp Randall Stadium,10,33,67918.0,52.8,Windy,,$171.81,Brady Hoke
2013-W10,2013,10,2013-11-09,12:00 PM,Akron,Home,Michigan Stadium,52,4,109830.0,44.4,Snow,16915.0,$71.14,Brady Hoke
2013-W11,2013,11,2013-11-16,7:00 PM,Northwestern,Away,Ryan Field,6,15,46287.0,55.1,Windy,,$113.76,Brady Hoke
2013-W12,2013,12,2013-11-23,7:30 PM,Rutgers,Home,Michigan Stadium,24,16,112291.0,47.6,Sunny,22541.0,unavailable,Brady Hoke
2013-W13,2013,13,2013-11-30,3:30 PM,Ohio State,Away,Ohio Stadium,24,43,96123.0,31.9,Sunny,,$273.09,Brady Hoke
2014-W01,2014,1,2014-09-06,4:00 PM,Utah,Neutral,AT&T Stadium,28,24,73743.0,71.2,Rain,,$125.03,Brady Hoke
2014-W02,2014,2,2014-09-13,12:00 PM,Virginia Tech,Away,Lane Stadium,22,49,59567.0,66.0,Sunny,,$124.04,Brady Hoke
2014-W03,2014,3,2014-09-20,3:30 PM,Minnesota,Home,Michigan Stadium,18,25,108321.0,76.5,Rain,22353.0,$145.57,Brady Hoke
2014-W04,2014,4,2014-09-27,9:00 PM,Indiana,Away,Memorial Stadium,15,43,46478.0,77.2,Windy,,$97.67,Brady Hoke
2014-W05,2014,5,2014-10-04,4:00 PM,Eastern Michigan,Home,Michigan Stadium,25,7,109555.0,54.7,Cloudy,20268.0,  $92.37 ,Brady Hoke
2014-W06,2014,6,2014-10-11,3:30 PM,Alabama,Home,Michigan Stadium,12,33,107761.0,57.4,Cloudy,22430.0,$226.18,Brady Hoke
2014-W07,2014,7,2014-10-18,8:00 PM,Purdue,Away,Ross-Ade Stadium,46,13,54887.0,,Sunny,,$116.54,Brady Hoke
2014-W08,2014,8,2014-10-25,9:00 PM,Northwestern,Away,Ryan Field,37,19,47584.0,38.1,Rain,,$119.76,Brady Hoke
2014-W09,2014,9,2014-11-01,8:00 PM,Maryland,Home,Michigan Stadium,31,28,109493.0,73.1,Cloudy,19573.0,$161.11,Brady Hoke
2014-W10,2014,10,2014-11-08,7:00 PM,Illinois,Home,Michigan Stadium,24,18,108843.0,20.5,Overcast,21073.0,$170.87,Brady Hoke
2014-W11,2014,11,2014-11-15,7:30 PM,Iowa,Away,Kinnick Stadium,21,24,65115.0,38.6,Cloudy,,$141.44,Brady Hoke
2014-W12,2014,12,2014-11-22,8:00 PM,Penn State,Home,Michigan Stadium,18,12,102360.0,43.8,Sunny,23398.0,$196.29,Brady Hoke
2014-W13,2014,13,2014-11-29,7:30 PM,Ohio State,Home,Michigan Stadium,34,31,110960.0,48.7,Overcast,18965.0,$412.03,Brady Hoke
2015-W01,2015,1,2015-09-05,3:30 PM,Minnesota,Neutral,Ford Field,33,27,57832.0,66.2,Rain,,$122.20,Jim Harbaugh
2015-W02,2015,2,2015-09-12,7:00 PM,Indiana,Away,Memorial Stadium,27,6,46843.0,64.5,Overcast,,$95.94,Jim Harbaugh
2015-W03,2015,3,2015-09-19,3:30 PM,Bowling Green,Home,Michigan Stadium,45,3,109329.0,62.9,Sunny,18935.0,$70.74,Jim Harbaugh
2015-W04,2015,4,2015-09-26,9:00 PM,Western Michigan,Home,Michigan Stadium,43,7,109346.0,75.3,Rain,19467.0,$113.41,Jim Harbaugh
2015-W05,2015,5,2015-10-03,12:00 PM,Rutgers,Away,SHI Stadium,37,21,46548.0,80.7,Overcast,,$87.85,Jim Harbaugh
2015-W06,2015,6,2015-10-10,12:00 PM,Alabama,Away,Bryant-Denny Stadium,16,36,95449.0,53.3,Sunny,,  $192.74 ,Jim Harbaugh
2015-W07,2015,7,2015-10-17,12:00 PM,Wisconsin,Home,Michigan Stadium,27,24,,48.5,Cloudy,14158.0,$192.02,Jim Harbaugh
2015-W08,2015,8,2015-10-24,7:30 PM,Northwestern,Away,Ryan Field,28,13,46388.0,58.1,Cloudy,,$117.57,Jim Harbaugh
2015-W09,2015,9,2015-10-31,4:00 PM,Michigan State,Home,Michigan Stadium,21,18,109368.0,50.6,Rain,18214.0,$362.02,Jim Harbaugh
2015-W10,2015,10,2015-11-07,7:00 PM,Iowa,Home,Michigan Stadium,30,24,111586.0,32.7,Cloudy,19423.0,$165.81,Jim Harbaugh
2015-W11,2015,11,2015-11-14,12:00 PM,Illinois,Away,Memorial Stadium,33,22,59288.0,55.8,Cloudy,,$100.65,Jim Harbaugh
2015-W12,2015,12,2015-11-21,12:00 PM,UNLV,Home,Michigan Stadium,46,9,109022.0,32.3,Sunny,17039.0,$94.56,Jim Harbaugh
2015-W13,2015,13,2015-11-28,7:00 PM,Ohio State,Away,Ohio Stadium,21,34,91890.0,30.6,Cloudy,,$256.12,Jim Harbaugh
2016-W01,2016,1,2016-09-03,7:00 PM,Eastern Michigan,Away,Rynearson Stadium,46,3,27892.0,72.8,Sunny,,$60.72,Jim Harbaugh
2016-W02,2016,2,2016-09-10,3:30 PM,Michigan State,Neutral,Ford Field,27,21,66203.0,68.6,Windy,,$236.43,Jim Harbaugh
2016-W03,2016,3,2016-09-17,7:30 PM,Purdue,Away,Ross-Ade Stadium,40,9,56852.0,77.3,Cloudy,,$112.48,Jim Harbaugh
2016-W04,2016,4,2016-09-24,12:00 PM,Indiana,Home,Michigan Stadium,46,16,113068.0,70.6,Cloudy,20473.0,$127.17,Jim Harbaugh
2016-W05,2016,5,2016-10-01,9:00 PM,Penn State,Away,Beaver Stadium,21,33,97061.0,44.8,Snow,,$143.19,Jim Harbaugh
2016-W06,2016,6,2016-10-08,8:00 PM,Illinois,Home,Michigan Stadium,46,22,108665.0,60.5,Sunny,17497.0,$146.21,Jim Harbaugh
2016-W07,2016,7,2016-10-15,9:00 PM,Maryland,Away,SECU Stadium,31,6,47141.0,53.5,Sunny,,$139.38,Jim Harbaugh
2016-W08,2016,8,2016-10-22,4:00 PM,Western Michigan,Home,Michigan Stadium,43,0,109483.0,62.3,Sunny,18962.0,$103.98,Jim Harbaugh
2016-W09,2016,9,2016-10-29,7:30 PM,Utah,Away,Rice-Eccles Stadium,39,30,48847.0,51.5,Cloudy,,$150.03,Jim Harbaugh
2016-W10,2016,10,2016-11-05,3:30 PM,Virginia Tech,Home,Michigan Stadium,46,24,107783.0,54.8,Sunny,19883.0,$209.28,Jim Harbaugh
2016-W11,2016,11,2016-11-12,12:00 PM,Minnesota,Home,Michigan Stadium,31,0,111756.0,37.1,Snow,19233.0,  $185.24 ,Jim Harbaugh
2016-W12,2016,12,2016-11-19,7:00 PM,Rutgers,Home,Michigan Stadium,48,16,111710.0,23.3,Sunny,18765.0,$134.58,Jim Harbaugh
2016-W13,2016,13,2016-11-26,3:30 PM,Ohio State,Home,Michigan Stadium,22,31,106391.0,44.5,Windy,19939.0,  $375.55 ,Jim Harbaugh
2017-W01,2017,1,2017-09-02,7:30 PM,Nebraska,Home,Michigan Stadium,37,21,111027.0,59.9,Overcast,17736.0,$168.64,Jim Harbaugh
2017-W02,2017,2,2017-09-09,7:00 PM,Purdue,Home,Michigan Stadium,27,25,110711.0,85.1,Overcast,19376.0,$153.51,Jim Harbaugh
2017-W03,2017,3,2017-09-16,7:30 PM,Bowling Green,Neutral,Mercedes-Benz Stadium,36,3,63621.0,48.2,Cloudy,,$80.97,Jim Harbaugh
2017-W04,2017,4,2017-09-23,12:00 PM,Iowa,Home,Michigan Stadium,19,21,111411.0,72.8,Windy,18292.0,$213.45,Jim Harbaugh
2017-W05,2017,5,2017-09-30,8:00 PM,Utah,Away,Rice-Eccles Stadium,9,24,48207.0,75.9,Overcast,,$155.96,Jim Harbaugh
2017-W06,2017,6,2017-10-07,3:30 PM,Michigan State,Home,Michigan Stadium,7,31,113056.0,,Cloudy,22069.0,$320.74,Jim Harbaugh
2017-W07,2017,7,2017-10-14,12:00 PM,Indiana,Away,Memorial Stadium,39,25,47878.0,51.6,Rain,,$94.38,Jim Harbaugh
2017-W08,2017,8,2017-10-21,12:00 PM,Penn State,Home,Michigan Stadium,27,12,107644.0,52.3,Sunny,16463.0,$190.37,Jim Harbaugh
2017-W09,2017,9,2017-10-28,9:00 PM,Colorado,Home,Michigan Stadium,45,22,111632.0,70.7,Overcast,19511.0,$181.96,Jim Harbaugh
2017-W10,2017,10,2017-11-04,12:00 PM,Rutgers,Away,SHI Stadium,39,31,46975.0,28.7,Cloudy,,$97.50,Jim Harbaugh
2017-W11,2017,11,2017-11-11,7:00 PM,Florida,Away,Ben Hill Griffin Stadium,15,24,81494.0,38.9,Sunny,,$128.22,Jim Harbaugh
2017-W12,2017,12,2017-11-18,4:00 PM,Minnesota,Away,Huntington Bank Stadium,28,34,47074.0,51.6,Rain,,$114.50,Jim Harbaugh
2017-W13,2017,13,2017-11-25,3:30 PM,Ohio State,Away,Ohio Stadium,10,24,93379.0,54.1,Cloudy,,$285.15,Jim Harbaugh
2018-W01,2018,1,2018-09-01,3:30 PM,Colorado,Home,Michigan Stadium,31,28,109536.0,53.3,Overcast,19924.0,$169.80,Jim Harbaugh
2018-W02,2018,2,2018-09-08,12:00 PM,Nebraska,Away,Memorial Stadium,24,28,76970.0,87.8,Sunny,,$119.71,Jim Harbaugh
2018-W03,2018,3,2018-09-15,7:30 PM,Penn State,Neutral,Mercedes-Benz Stadium,16,31,57364.0,75.6,Sunny,,$152.98,Jim Harbaugh
2018-W04,2018,4,2018-09-22,9:00 PM,Minnesota,Home,Michigan Stadium,27,21,108289.0,66.9,Rain,20892.0,$167.83,Jim Harbaugh
2018-W05,2018,5,2018-09-29,4:00 PM,Purdue,Home,Michigan Stadium,39,18,109617.0,65.8,Sunny,19213.0,$164.21,Jim Harbaugh
2018-W06,2018,6,2018-10-06,3:30 PM,Utah,Away,Rice-Eccles Stadium,36,19,50729.0,60.5,Sunny,,$146.83,Jim Harbaugh
2018-W07,2018,7,2018-10-13,7:00 PM,Northwestern,Away,Ryan Field,45,25,43231.0,55.6,Cloudy,,$123.95,Jim Harbaugh
2018-W08,2018,8,2018-10-20,3:30 PM,Eastern Michigan,Home,Michigan Stadium,60,0,107145.0,45.3,Sunny,19928.0,$108.30,Jim Harbaugh
2018-W09,2018,9,2018-10-27,12:00 PM,Alabama,Away,Bryant-Denny Stadium,13,31,,48.2,Sunny,,$174.03,Jim Harbaugh
2018-W10,2018,10,2018-11-03,7:30 PM,Wisconsin,Home,Michigan Stadium,46,12,110404.0,25.3,Overcast,22844.0,$184.54,Jim Harbaugh
2018-W11,2018,11,2018-11-10,7:30 PM,Indiana,Away,Memorial Stadium,33,15,51600.0,44.2,Overcast,,$88.11,Jim Harbaugh
2018-W12,2018,12,2018-11-17,7:30 PM,Michigan State,Home,Michigan Stadium,28,30,,47.5,Sunny,18808.0,$355.67,Jim Harbaugh
2018-W13,2018,13,2018-11-24,7:00 PM,Ohio State,Home,Michigan Stadium,37,31,112978.0,46.7,Sunny,21742.0,$351.63,Jim Harbaugh
2019-W01,2019,1,2019-09-07,8:00 PM,Nebraska,Home,Michigan Stadium,42,21,111010.0,74.2,Overcast,20144.0,$164.35,Jim Harbaugh
2019-W02,2019,2,2019-09-14,4:00 PM,Illinois,Neutral,AT&T Stadium,39,16,60239.0,83.7,Sunny,,$113.33,Jim Harbaugh
2019-W03,2019,3,2019-09-21,12:00 PM,Purdue,Away,Ross-Ade Stadium,42,19,55507.0,68.9,Cloudy,,$102.61,Jim Harbaugh
2019-W04,2019,4,2019-09-28,12:00 PM,Bowling Green,Away,Doyt Perry Stadium,48,18,22653.0,67.3,Cloudy,,$63.39,Jim Harbaugh
2019-W05,2019,5,2019-10-05,12:00 PM,Appalachian State,Home,Michigan Stadium,46,3,109381.0,61.3,Overcast,17050.0,$130.88,Jim Harbaugh
2019-W06,2019,6,2019-10-12,12:00 PM,Minnesota,Home,Michigan Stadium,27,19,109712.0,68.8,Sunny,19189.0,$172.83,Jim Harbaugh
2019-W07,2019,7,2019-10-19,8:00 PM,Maryland,Away,SECU Stadium,19,22,52542.0,68.9,Cloudy,,$101.91,Jim Harbaugh
2019-W08,2019,8,2019-10-26,7:00 PM,UNLV,Away,Allegiant Stadium,52,12,66075.0,46.4,Cloudy,,$103.12,Jim Harbaugh
2019-W09,2019,9,2019-11-02,7:30 PM,Iowa,Home,Michigan Stadium,40,39,109958.0,53.0,Cloudy,16981.0,$154.82,Jim Harbaugh
2019-W10,2019,10,2019-11-09,3:30 PM,Wisconsin,Home,Michigan Stadium,34,18,109101.0,39.1,Sunny,18436.0,$227.08,Jim Harbaugh
2019-W11,2019,11,2019-11-16,7:30 PM,Michigan State,Home,Michigan Stadium,22,31,108762.0,61.0,Overcast,17777.0,$361.62,Jim Harbaugh
2019-W12,2019,12,2019-11-23,3:30 PM,Notre Dame,Away,Notre Dame Stadium,15,33,,48.1,Rain,,$322.11,Jim Harbaugh
2019-W13,2019,13,2019-11-30,7:30 PM,Ohio State,Away,Ohio Stadium,6,42,,34.1,Sunny,,$300.08,Jim Harbaugh
2020-W01,2020,1,2020-09-05,8:00 PM,Air Force,Away,Falcon Stadium,24,12,41839.0,71.5,Overcast,,$110.74,Jim Harbaugh
2020-W02,2020,2,2020-09-12,12:00 PM,Florida,Home,Michigan Stadium,3,19,109083.0,,Overcast,17761.0,$212.11,Jim Harbaugh
2020-W03,2020,3,2020-09-19,4:00 PM,Hawaii,Neutral,Lucas Oil Stadium,31,16,70012.0,55.7,Sunny,,$79.81,Jim Harbaugh
2020-W04,2020,4,2020-09-26,12:00 PM,Indiana,Home,Michigan Stadium,24,28,108204.0,79.1,Overcast,22073.0,$119.85,Jim Harbaugh
2020-W05,2020,5,2020-10-03,12:00 PM,Purdue,Home,Michigan Stadium,24,27,110851.0,42.4,Cloudy,16882.0,$138.60,Jim Harbaugh
2020-W06,2020,6,2020-10-10,3:30 PM,Illinois,Home,Michigan Stadium,45,24,109702.0,63.9,Sunny,20729.0,$150.58,Jim Harbaugh
2020-W07,2020,7,2020-10-17,4:00 PM,Maryland,Away,SECU Stadium,15,33,46325.0,60.6,Overcast,,$128.02,Jim Harbaugh
2020-W08,2020,8,2020-10-24,8:00 PM,Nebraska,Home,Michigan Stadium,24,21,109068.0,51.1,Windy,23707.0,$173.02,Jim Harbaugh
2020-W09,2020,9,2020-10-31,12:00 PM,Western Michigan,Away,Waldo Stadium,33,24,26649.0,33.0,Rain,,$65.03,Jim Harbaugh
2020-W10,2020,10,2020-11-07,7:30 PM,Rutgers,Away,SHI Stadium,34,30,52195.0,55.3,Overcast,,$88.95,Jim Harbaugh
2020-W11,2020,11,2020-11-14,8:00 PM,Minnesota,Away,Huntington Bank Stadium,18,25,49785.0,39.3,Overcast,,$114.43,Jim Harbaugh
2020-W12,2020,12,2020-11-21,8:00 PM,Iowa,Home,Michigan Stadium,4,25,107440.0,39.9,Rain,19032.0,$167.47,Jim Harbaugh
2020-W13,2020,13,2020-11-28,4:00 PM,Ohio State,Home,Michigan Stadium,1,39,109349.0,43.0,Cloudy,17246.0,  $413.76 ,Jim Harbaugh
2021-W01,2021,1,2021-09-04,8:00 PM,Virginia Tech,Neutral,Mercedes-Benz Stadium,51,6,65341.0,63.1,Sunny,,$105.13,Jim Harbaugh
2021-W02,2021,2,2021-09-11,4:00 PM,Rutgers,Home,Michigan Stadium,54,1,105513.0,68.0,Rain,18266.0,$131.20,Jim Harbaugh
2021-W03,2021,3,2021-09-18,9:00 PM,Alabama,Home,Michigan Stadium,30,18,110273.0,71.3,Sunny,19895.0,$223.46,Jim Harbaugh
2021-W04,2021,4,2021-09-25,7:30 PM,Wisconsin,Home,Michigan Stadium,34,21,109793.0,64.3,Cloudy,18728.0,$177.39,Jim Harbaugh
2021-W05,2021,5,2021-10-02,7:00 PM,Illinois,Home,Michigan Stadium,33,22,105911.0,55.7,Rain,16273.0,$153.47,Jim Harbaugh
2021-W06,2021,6,2021-10-09,3:30 PM,Northwestern,Away,Ryan Field,43,6,,50.6,Overcast,,$99.43,Jim Harbaugh
2021-W07,2021,7,2021-10-16,4:00 PM,Minnesota,Home,Michigan Stadium,39,0,108563.0,51.5,Sunny,20189.0,$174.32,Jim Harbaugh
2021-W08,2021,8,2021-10-23,4:00 PM,Hawaii,Away,Ching Complex,42,9,15279.0,70.6,Cloudy,,$78.04,Jim Harbaugh
2021-W09,2021,9,2021-10-30,3:30 PM,Purdue,Home,Michigan Stadium,58,3,108579.0,61.5,Cloudy,21216.0,$145.63,Jim Harbaugh
2021-W10,2021,10,2021-11-06,12:00 PM,Indiana,Home,Michigan Stadium,31,16,107599.0,52.0,Cloudy,20158.0,$155.57,Jim Harbaugh
2021-W11,2021,11,2021-11-13,4:00 PM,Miami (OH),Away,Yager Stadium,34,7,24180.0,56.4,Cloudy,,$72.35,Jim Harbaugh
2021-W12,2021,12,2021-11-20,7:30 PM,Michigan State,Away,Spartan Stadium,34,6,72198.0,37.2,Overcast,,$277.84,Jim Harbaugh
2021-W13,2021,13,2021-11-27,7:00 PM,Ohio State,Away,Ohio Stadium,13,16,98178.0,,Sunny,,$323.03,Jim Harbaugh
2022-W01,2022,1,2022-09-03,3:30 PM,Virginia Tech,Home,Michigan Stadium,52,9,112682.0,52.7,Overcast,21854.0,$216.51,Jim Harbaugh
2022-W02,2022,2,2022-09-10,3:30 PM,Purdue,Neutral,AT&T Stadium,45,19,60174.0,53.8,Sunny,,$113.58,Jim Harbaugh
2022-W03,2022,3,2022-09-17,7:00 PM,Penn State,Away,Beaver Stadium,24,12,95574.0,74.7,Rain,,$157.78,Jim Harbaugh
2022-W04,2022,4,2022-09-24,3:30 PM,Indiana,Home,Michigan Stadium,43,3,109360.0,80.6,Sunny,20499.0,$129.14,Jim Harbaugh
2022-W05,2022,5,2022-10-01,7:00 PM,Bowling Green,Away,Doyt Perry Stadium,58,3,23465.0,56.8,Cloudy,,unavailable,Jim Harbaugh
2022-W06,2022,6,2022-10-08,12:00 PM,Rutgers,Home,Michigan Stadium,42,0,109459.0,65.0,Sunny,16119.0,$131.37,Jim Harbaugh
2022-W07,2022,7,2022-10-15,12:00 PM,Iowa,Away,Kinnick Stadium,31,24,64237.0,63.9,Cloudy,,$153.75,Jim Harbaugh
2022-W08,2022,8,2022-10-22,4:00 PM,Illinois,Away,Memorial Stadium,36,6,60282.0,59.3,Cloudy,,$131.14,Jim Harbaugh
2022-W09,2022,9,2022-10-29,8:00 PM,Washington,Home,Michigan Stadium,31,15,110823.0,53.7,Sunny,21487.0,unavailable,Jim Harbaugh
2022-W10,2022,10,2022-11-05,9:00 PM,Akron,Home,Michigan Stadium,61,0,109828.0,52.0,Overcast,19503.0,$114.24,Jim Harbaugh
2022-W11,2022,11,2022-11-12,12:00 PM,Michigan State,Away,Spartan Stadium,16,22,66639.0,56.0,Sunny,,$267.38,Jim Harbaugh
2022-W12,2022,12,2022-11-19,12:00 PM,Wisconsin,Home,Michigan Stadium,40,21,108479.0,18.4,Sunny,20805.0,$192.67,Jim Harbaugh
2022-W13,2022,13,2022-11-26,12:00 PM,Ohio State,Home,Michigan Stadium,22,19,108496.0,51.0,Windy,20938.0,$413.96,Jim Harbaugh
2023-W01,2023,1,2023-09-02,12:00 PM,Minnesota,Home,Michigan Stadium,51,22,112332.0,74.1,Cloudy,18091.0,$171.90,Jim Harbaugh
2023-W02,2023,2,2023-09-09,4:00 PM,Purdue,Away,Ross-Ade Stadium,34,19,52193.0,79.2,Overcast,,$119.30,Jim Harbaugh
2023-W03,2023,3,2023-09-16,3:30 PM,Colorado,Neutral,Mercedes-Benz Stadium,33,4,60678.0,68.4,Cloudy,,$102.42,Jim Harbaugh
2023-W04,2023,4,2023-09-23,12:00 PM,Indiana,Away,Memorial Stadium,36,16,48375.0,76.0,Rain,,$129.56,Jim Harbaugh
2023-W05,2023,5,2023-09-30,3:30 PM,Maryland,Home,Michigan Stadium,45,15,,60.3,Sunny,18661.0,$164.01,Jim Harbaugh
2023-W06,2023,6,2023-10-07,4:00 PM,Hawaii,Home,Michigan Stadium,54,15,111753.0,53.6,Cloudy,17807.0,$113.58,Jim Harbaugh
2023-W07,2023,7,2023-10-14,4:00 PM,Northwestern,Home,Michigan Stadium,40,12,106830.0,61.8,Cloudy,21877.0,$149.37,Jim Harbaugh
2023-W08,2023,8,2023-10-21,7:30 PM,Michigan State,Away,Spartan Stadium,42,19,71803.0,50.9,Cloudy,,$293.02,Jim Harbaugh
2023-W09,2023,9,2023-10-28,3:30 PM,Rutgers,Home,Michigan Stadium,46,15,112185.0,48.3,Rain,17683.0,$134.21,Jim Harbaugh
2023-W10,2023,10,2023-11-04,9:00 PM,Eastern Michigan,Away,Rynearson Stadium,43,4,28042.0,51.3,Rain,,$82.30,Jim Harbaugh
2023-W11,2023,11,2023-11-11,4:00 PM,Iowa,Home,Michigan Stadium,60,22,,40.5,Overcast,19623.0,$173.62,Jim Harbaugh
2023-W12,2023,12,2023-11-18,7:00 PM,Air Force,Away,Falcon Stadium,39,7,47161.0,40.4,Windy,,$127.43,Jim Harbaugh
2023-W13,2023,13,2023-11-25,3:30 PM,Ohio State,Away,Ohio Stadium,28,18,91491.0,50.5,Cloudy,,$329.83,Jim Harbaugh
2024-W01,2024,1,2024-09-07,8:00 PM,Central Michigan,Home,Michigan Stadium,43,3,106149.0,64.2,Sunny,19263.0,$86.81,Sherrone Moore
2024-W02,2024,2,2024-09-14,3:30 PM,Michigan State,Neutral,Ford Field,21,25,50189.0,76.9,Sunny,,$221.77,Sherrone Moore
2024-W03,2024,3,2024-09-21,7:30 PM,Purdue,Away,Ross-Ade Stadium,30,21,53672.0,72.8,Overcast,,$121.55,Sherrone Moore
2024-W04,2024,4,2024-09-28,12:00 PM,Florida,Home,Michigan Stadium,18,15,112389.0,63.5,Windy,19719.0,$199.68,Sherrone Moore
2024-W05,2024,5,2024-10-05,12:00 PM,Nebraska,Home,Michigan Stadium,24,18,111272.0,51.3,Sunny,16191.0,$188.01,Sherrone Moore
2024-W06,2024,6,2024-10-12,7:30 PM,Iowa,Away,Kinnick Stadium,36,24,63604.0,,Overcast,,  $111.12 ,Sherrone Moore
2024-W07,2024,7,2024-10-19,3:30 PM,Eastern Michigan,Home,Michigan Stadium,45,7,109025.0,47.2,Sunny,17304.0,$88.10,Sherrone Moore
2024-W08,2024,8,2024-10-26,8:00 PM,Indiana,Away,Memorial Stadium,40,28,51536.0,66.1,Cloudy,,$98.81,Sherrone Moore
2024-W09,2024,9,2024-11-02,7:00 PM,Wisconsin,Away,Camp Randall Stadium,3,30,70916.0,25.8,Rain,,$145.12,Sherrone Moore
2024-W10,2024,10,2024-11-09,3:30 PM,Notre Dame,Home,Michigan Stadium,15,22,108085.0,53.5,Cloudy,20707.0,$406.10,Sherrone Moore
2024-W11,2024,11,2024-11-16,9:00 PM,Maryland,Home,Michigan Stadium,37,34,108061.0,44.5,Sunny,20767.0,$163.30,Sherrone Moore
2024-W12,2024,12,2024-11-23,4:00 PM,Northwestern,Home,Michigan Stadium,34,19,103912.0,38.4,Sunny,20677.0,$155.54,Sherrone Moore
2024-W13,2024,13,2024-11-30,9:00 PM,Ohio State,Home,Michigan Stadium,12,21,,38.1,Windy,18293.0,$422.95,Sherrone Moore
