game_id,season,game_no,date,opponent,conference,site,venue,team_points,opponent_points,overtime,attendance
2015-G01,2015,1,2014-11-06,Xavier,Big East,Home,Crisler Center,81,88,0,10302.0
2015-G02,2015,2,2014-11-10,UCLA,Pac-12,Home,Crisler Center,103,98,0,10485.0
2015-G03,2015,3,2014-11-14,Western Michigan,MAC,Home,Crisler Center,73,77,0,12664.0
2015-G04,2015,4,2014-11-18,Toledo,MAC,Home,Crisler Center,65,52,0,11393.0
2015-G05,2015,5,2014-11-22,Oakland,Horizon,Home,Crisler Center,93,91,0,13673.0
2015-G06,2015,6,2014-11-26,Detroit Mercy,Horizon,Neutral,T-Mobile Arena,96,89,0,7528.0
2015-G07,2015,7,2014-11-30,South Carolina State,MEAC,Neutral,Barclays Center,65,53,0,12019.0
2015-G08,2015,8,2014-12-04,Creighton,Big East,Neutral,T-Mobile Arena,85,79,0,10364.0
2015-G09,2015,9,2014-12-08,UMass Lowell,America East,Home,Crisler Center,81,82,0,9086.0
2015-G10,2015,10,2014-12-12,Youngstown State,Horizon,Home,Crisler Center,108,98,0,15026.0
2015-G11,2015,11,2014-12-16,Presbyterian,Big South,Home,Crisler Center,78,63,0,11091.0
2015-G12,2015,12,2014-12-20,Chicago State,Independent,Home,Crisler Center,56,54,0,13004.0
2015-G13,2015,13,2014-12-24,Purdue,Big Ten,Home,Crisler Center,93,96,0,11684.0
2015-G14,2015,14,2014-12-28,Rutgers,Big Ten,Home,Crisler Center,86,75,0,11462.0
2015-G15,2015,15,2015-01-01,Penn State,Big Ten,Away,Bryce Jordan Center,72,61,0,14450.0
2015-G16,2015,16,2015-01-05,Penn State,Big Ten,Away,Bryce Jordan Center,108,107,1,11303.0
2015-G17,2015,17,2015-01-09,Nebraska,Big Ten,Home,Crisler Center,66,68,0,11515.0
2015-G18,2015,18,2015-01-13,Ohio State,Big Ten,Away,Value City Arena,117,105,0,19565.0
2015-G19,2015,19,2015-01-17,Rutgers,Big Ten,Home,Crisler Center,75,56,0,10236.0
2015-G20,2015,20,2015-01-21,Ohio State,Big Ten,Away,Value City Arena,79,88,0,13737.0
2015-G21,2015,21,2015-01-25,Wisconsin,Big Ten,Home,Crisler Center,74,90,0,12289.0
2015-G22,2015,22,2015-01-29,Michigan State,Big Ten,Home,Crisler Center,98,95,0,11277.0
2015-G23,2015,23,2015-02-02,Purdue,Big Ten,Home,Crisler Center,86,76,0,13558.0
2015-G24,2015,24,2015-02-06,Iowa,Big Ten,Home,Crisler Center,88,87,0,13442.0
2015-G25,2015,25,2015-02-10,Nebraska,Big Ten,Away,Pinnacle Bank Arena,73,72,0,15795.0
2015-G26,2015,26,2015-02-14,Indiana,Big Ten,Home,Crisler Center,77,80,0,14838.0
2015-G27,2015,27,2015-02-18,Minnesota,Big Ten,Away,Williams Arena,85,72,0,13636.0
2015-G28,2015,28,2015-02-22,Michigan State,Big Ten,Away,Breslin Center,94,97,0,11576.0
2015-G29,2015,29,2015-02-26,Indiana,Big Ten,Away,Simon Skjodt Assembly Hall,92,97,0,9381.0
2015-G30,2015,30,2015-03-02,Maryland,Big Ten,Away,Xfinity Center,91,76,0,8325.0
2015-G31,2015,31,2015-03-06,Illinois,Big Ten,Home,Crisler Center,86,95,0,10707.0
2015-G32,2015,32,2015-03-10,Northwestern,Big Ten,Away,Welsh-Ryan Arena,55,70,0,11058.0
2016-G01,2016,1,2015-11-06,Creighton,Big East,Home,Crisler Center,86,95,0,13549.0
2016-G02,2016,2,2015-11-10,Texas,Big 12,Home,Crisler Center,81,92,0,9027.0
2016-G03,2016,3,2015-11-14,Presbyterian,Big South,Home,Crisler Center,89,87,1,9976.0
2016-G04,2016,4,2015-11-18,Western Michigan,MAC,Home,Crisler Center,105,94,0,12440.0
2016-G05,2016,5,2015-11-22,UMass Lowell,America East,Home,Crisler Center,70,71,0,8814.0
2016-G06,2016,6,2015-11-26,Kentucky,SEC,Neutral,Barclays Center,80,77,0,8326.0
2016-G07,2016,7,2015-11-30,Gonzaga,WCC,Neutral,Barclays Center,93,83,0,11023.0
2016-G08,2016,8,2015-12-04,Detroit Mercy,Horizon,Neutral,Mohegan Sun Arena,85,75,0,17469.0
2016-G09,2016,9,2015-12-08,Kansas,Big 12,Home,Crisler Center,54,65,0,11118.0
2016-G10,2016,10,2015-12-12,South Carolina State,MEAC,Home,Crisler Center,71,53,0,11112.0
2016-G11,2016,11,2015-12-16,North Carolina,ACC,Home,Crisler Center,65,67,0,10638.0
2016-G12,2016,12,2015-12-20,Villanova,Big East,Home,Crisler Center,67,73,0,11196.0
2016-G13,2016,13,2015-12-24,Rutgers,Big Ten,Home,Crisler Center,60,53,0,9955.0
2016-G14,2016,14,2015-12-28,Minnesota,Big Ten,Away,Williams Arena,78,77,0,8331.0
2016-G15,2016,15,2016-01-01,Iowa,Big Ten,Away,Carver-Hawkeye Arena,59,60,0,12169.0
2016-G16,2016,16,2016-01-05,Ohio State,Big Ten,Home,Crisler Center,77,69,0,12324.0
2016-G17,2016,17,2016-01-09,Rutgers,Big Ten,Home,Crisler Center,81,62,0,10241.0
2016-G18,2016,18,2016-01-13,Illinois,Big Ten,Away,State Farm Center,66,76,0,12599.0
2016-G19,2016,19,2016-01-17,Nebraska,Big Ten,Home,Crisler Center,76,65,0,
2016-G20,2016,20,2016-01-21,Iowa,Big Ten,Away,Carver-Hawkeye Arena,56,55,0,12132.0
2016-G21,2016,21,2016-01-25,Minnesota,Big Ten,Home,Crisler Center,84,80,0,10116.0
2016-G22,2016,22,2016-01-29,Maryland,Big Ten,Away,Xfinity Center,80,78,0,13827.0
2016-G23,2016,23,2016-02-02,Purdue,Big Ten,Home,Crisler Center,74,80,0,11431.0
2016-G24,2016,24,2016-02-06,Wisconsin,Big Ten,Home,Crisler Center,61,68,0,13287.0
2016-G25,2016,25,2016-02-10,Illinois,Big Ten,Home,Crisler Center,82,73,0,11933.0
2016-G26,2016,26,2016-02-14,Northwestern,Big Ten,Home,Crisler Center,103,111,0,13020.0
2016-G27,2016,27,2016-02-18,Ohio State,Big Ten,Home,Crisler Center,69,56,0,13748.0
2016-G28,2016,28,2016-02-22,Indiana,Big Ten,Home,Crisler Center,89,83,0,12360.0
2016-G29,2016,29,2016-02-26,Northwestern,Big Ten,Home,Crisler Center,80,62,0,9346.0
2016-G30,2016,30,2016-03-01,Michigan State,Big Ten,Home,Crisler Center,61,67,0,11781.0
2016-G31,2016,31,2016-03-05,Penn State,Big Ten,Home,Crisler Center,71,76,1,12850.0
2016-G32,2016,32,2016-03-09,Indiana,Big Ten,Home,Crisler Center,76,65,0,13922.0
2017-G01,2017,1,2016-11-06,Western Michigan,MAC,Home,Crisler Center,95,80,0,14377.0
2017-G02,2017,2,2016-11-10,Gonzaga,WCC,Home,Crisler Center,72,78,0,12627.0
2017-G03,2017,3,2016-11-14,Central Michigan,MAC,Home,Crisler Center,70,54,0,12308.0
2017-G04,2017,4,2016-11-18,Toledo,MAC,Home,Crisler Center,85,75,0,12633.0
2017-G05,2017,5,2016-11-22,Duke,ACC,Home,Crisler Center,89,82,0,10076.0
2017-G06,2017,6,2016-11-26,Oregon,Pac-12,Neutral,Little Caesars Arena,67,68,0,6912.0
2017-G07,2017,7,2016-11-30,Kentucky,SEC,Neutral,Mohegan Sun Arena,112,110,0,11769.0
2017-G08,2017,8,2016-12-04,North Carolina,ACC,Neutral,Barclays Center,95,111,0,7914.0
2017-G09,2017,9,2016-12-08,Chicago State,Independent,Home,Crisler Center,79,65,0,12662.0
2017-G10,2017,10,2016-12-12,Youngstown State,Horizon,Home,Crisler Center,80,58,0,13473.0
2017-G11,2017,11,2016-12-16,South Carolina State,MEAC,Home,Crisler Center,96,82,0,13090.0
2017-G12,2017,12,2016-12-20,Elon,CAA,Home,Crisler Center,85,64,0,9852.0
2017-G13,2017,13,2016-12-24,Minnesota,Big Ten,Home,Crisler Center,81,73,0,11991.0
2017-G14,2017,14,2016-12-28,Indiana,Big Ten,Home,Crisler Center,92,87,0,9380.0
2017-G15,2017,15,2017-01-01,Rutgers,Big Ten,Away,Jersey Mike's Arena,80,76,0,12326.0
2017-G16,2017,16,2017-01-05,Michigan State,Big Ten,Away,Breslin Center,77,96,0,8506.0
2017-G17,2017,17,2017-01-09,Maryland,Big Ten,Home,Crisler Center,57,70,0,11492.0
2017-G18,2017,18,2017-01-13,Wisconsin,Big Ten,Away,Kohl Center,75,81,0,11844.0
2017-G19,2017,19,2017-01-17,Northwestern,Big Ten,Home,Crisler Center,82,100,0,10507.0
2017-G20,2017,20,2017-01-21,Minnesota,Big Ten,Home,Crisler Center,101,94,0,11868.0
2017-G21,2017,21,2017-01-25,Wisconsin,Big Ten,Home,Crisler Center,85,59,0,9856.0
2017-G22,2017,22,2017-01-29,Ohio State,Big Ten,Away,Value City Arena,69,85,0,10722.0
2017-G23,2017,23,2017-02-02,Ohio State,Big Ten,Home,Crisler Center,52,49,0,12916.0
2017-G24,2017,24,2017-02-06,Penn State,Big Ten,Home,Crisler Center,74,81,0,11197.0
2017-G25,2017,25,2017-02-10,Indiana,Big Ten,Away,Simon Skjodt Assembly Hall,68,84,0,13492.0
2017-G26,2017,26,2017-02-14,Nebraska,Big Ten,Away,Pinnacle Bank Arena,80,81,1,16619.0
2017-G27,2017,27,2017-02-18,Michigan State,Big Ten,Home,Crisler Center,73,88,0,10732.0
2017-G28,2017,28,2017-02-22,Nebraska,Big Ten,Away,Pinnacle Bank Arena,76,86,0,6239.0
2017-G29,2017,29,2017-02-26,Illinois,Big Ten,Away,State Farm Center,98,112,0,9020.0
2017-G30,2017,30,2017-03-02,Maryland,Big Ten,Away,Xfinity Center,84,85,0,16974.0
2017-G31,2017,31,2017-03-06,Purdue,Big Ten,Home,Crisler Center,92,90,0,10267.0
2017-G32,2017,32,2017-03-10,Iowa,Big Ten,Away,Carver-Hawkeye Arena,96,92,0,
2018-G01,2018,1,2017-11-06,Youngstown State,Horizon,Home,Crisler Center,87,52,0,10914.0
2018-G02,2018,2,2017-11-10,Texas,Big 12,Home,Crisler Center,78,67,0,11997.0
2018-G03,2018,3,2017-11-14,Chicago State,Independent,Home,Crisler Center,82,49,0,11067.0
2018-G04,2018,4,2017-11-18,Western Michigan,MAC,Home,Crisler Center,84,74,0,12585.0
2018-G05,2018,5,2017-11-22,Detroit Mercy,Horizon,Home,Crisler Center,78,67,0,11942.0
2018-G06,2018,6,2017-11-26,Kansas,Big 12,Neutral,T-Mobile Arena,102,98,0,13178.0
2018-G07,2018,7,2017-11-30,UMass Lowell,America East,Neutral,T-Mobile Arena,98,92,0,7282.0
2018-G08,2018,8,2017-12-04,Elon,CAA,Neutral,Barclays Center,76,60,0,8924.0
2018-G09,2018,9,2017-12-08,North Carolina,ACC,Home,Crisler Center,62,55,0,10491.0
2018-G10,2018,10,2017-12-12,Duke,ACC,Home,Crisler Center,62,81,0,14823.0
2018-G11,2018,11,2017-12-16,Villanova,Big East,Home,Crisler Center,80,88,0,13033.0
2018-G12,2018,12,2017-12-20,Presbyterian,Big South,Home,Crisler Center,90,78,0,11182.0
2018-G13,2018,13,2017-12-24,Rutgers,Big Ten,Away,Jersey Mike's Arena,80,75,0,7697.0
2018-G14,2018,14,2017-12-28,Maryland,Big Ten,Away,Xfinity Center,71,74,0,10762.0
2018-G15,2018,15,2018-01-01,Ohio State,Big Ten,Away,Value City Arena,79,72,0,12813.0
2018-G16,2018,16,2018-01-05,Indiana,Big Ten,Away,Simon Skjodt Assembly Hall,57,49,0,11844.0
2018-G17,2018,17,2018-01-09,Penn State,Big Ten,Home,Crisler Center,79,91,0,11817.0
2018-G18,2018,18,2018-01-13,Northwestern,Big Ten,Home,Crisler Center,64,67,0,9995.0
2018-G19,2018,19,2018-01-17,Iowa,Big Ten,Away,Carver-Hawkeye Arena,73,67,0,13744.0
2018-G20,2018,20,2018-01-21,Wisconsin,Big Ten,Home,Crisler Center,99,94,0,10897.0
2018-G21,2018,21,2018-01-25,Minnesota,Big Ten,Away,Williams Arena,89,73,0,14670.0
2018-G22,2018,22,2018-01-29,Michigan State,Big Ten,Away,Breslin Center,83,89,0,19004.0
2018-G23,2018,23,2018-02-02,Maryland,Big Ten,Away,Xfinity Center,106,102,0,12377.0
2018-G24,2018,24,2018-02-06,Michigan State,Big Ten,Away,Breslin Center,88,103,0,19008.0
2018-G25,2018,25,2018-02-10,Wisconsin,Big Ten,Home,Crisler Center,86,59,0,10772.0
2018-G26,2018,26,2018-02-14,Nebraska,Big Ten,Away,Pinnacle Bank Arena,72,79,0,15036.0
2018-G27,2018,27,2018-02-18,Minnesota,Big Ten,Away,Williams Arena,94,102,0,7065.0
2018-G28,2018,28,2018-02-22,Penn State,Big Ten,Away,Bryce Jordan Center,107,105,0,9549.0
2018-G29,2018,29,2018-02-26,Purdue,Big Ten,Home,Crisler Center,59,56,0,13395.0
2018-G30,2018,30,2018-03-02,Illinois,Big Ten,Away,State Farm Center,71,69,0,15739.0
2018-G31,2018,31,2018-03-06,Illinois,Big Ten,Away,State Farm Center,62,89,0,13063.0
2018-G32,2018,32,2018-03-10,Indiana,Big Ten,Home,Crisler Center,62,79,0,11442.0
2019-G01,2019,1,2018-11-06,Villanova,Big East,Home,Crisler Center,92,112,0,
2019-G02,2019,2,2018-11-10,Texas,Big 12,Home,Crisler Center,78,61,0,12119.0
2019-G03,2019,3,2018-11-14,Chicago State,Independent,Home,Crisler Center,88,56,0,11819.0
2019-G04,2019,4,2018-11-18,Kentucky,SEC,Home,Crisler Center,90,86,0,11399.0
2019-G05,2019,5,2018-11-22,South Carolina State,MEAC,Home,Crisler Center,83,68,0,13565.0
2019-G06,2019,6,2018-11-26,Kansas,Big 12,Neutral,Little Caesars Arena,73,99,0,10667.0
2019-G07,2019,7,2018-11-30,Xavier,Big East,Neutral,Mohegan Sun Arena,87,84,0,12110.0
2019-G08,2019,8,2018-12-04,Youngstown State,Horizon,Neutral,Mohegan Sun Arena,89,79,0,9448.0
2019-G09,2019,9,2018-12-08,Presbyterian,Big South,Home,Crisler Center,61,43,0,12199.0
2019-G10,2019,10,2018-12-12,Toledo,MAC,Home,Crisler Center,71,64,0,15008.0
2019-G11,2019,11,2018-12-16,Central Michigan,MAC,Home,Crisler Center,64,44,0,11925.0
2019-G12,2019,12,2018-12-20,Oakland,Horizon,Home,Crisler Center,75,51,0,14629.0
2019-G13,2019,13,2018-12-24,Illinois,Big Ten,Home,Crisler Center,85,74,0,11261.0
2019-G14,2019,14,2018-12-28,Nebraska,Big Ten,Away,Pinnacle Bank Arena,76,71,0,16256.0
2019-G15,2019,15,2019-01-01,Indiana,Big Ten,Away,Simon Skjodt Assembly Hall,102,95,0,8957.0
2019-G16,2019,16,2019-01-05,Wisconsin,Big Ten,Home,Crisler Center,71,57,0,9789.0
2019-G17,2019,17,2019-01-09,Northwestern,Big Ten,Home,Crisler Center,73,68,0,14022.0
2019-G18,2019,18,2019-01-13,Purdue,Big Ten,Away,Mackey Arena,64,62,0,10821.0
2019-G19,2019,19,2019-01-17,Rutgers,Big Ten,Away,Jersey Mike's Arena,77,65,0,14747.0
2019-G20,2019,20,2019-01-21,Indiana,Big Ten,Home,Crisler Center,63,62,0,12402.0
2019-G21,2019,21,2019-01-25,Maryland,Big Ten,Home,Crisler Center,92,72,0,10445.0
2019-G22,2019,22,2019-01-29,Wisconsin,Big Ten,Home,Crisler Center,100,91,0,11767.0
2019-G23,2019,23,2019-02-02,Northwestern,Big Ten,Away,Welsh-Ryan Arena,67,65,0,17219.0
2019-G24,2019,24,2019-02-06,Penn State,Big Ten,Away,Bryce Jordan Center,95,101,0,8892.0
2019-G25,2019,25,2019-02-10,Minnesota,Big Ten,Away,Williams Arena,134,112,0,19083.0
2019-G26,2019,26,2019-02-14,Ohio State,Big Ten,Away,Value City Arena,89,76,0,14640.0
2019-G27,2019,27,2019-02-18,Nebraska,Big Ten,Away,Pinnacle Bank Arena,77,63,0,16136.0
2019-G28,2019,28,2019-02-22,Michigan State,Big Ten,Home,Crisler Center,76,82,0,10169.0
2019-G29,2019,29,2019-02-26,Penn State,Big Ten,Away,Bryce Jordan Center,96,98,0,13265.0
2019-G30,2019,30,2019-03-02,Iowa,Big Ten,Home,Crisler Center,88,93,0,12769.0
2019-G31,2019,31,2019-03-06,Michigan State,Big Ten,Away,Breslin Center,75,71,1,13179.0
2019-G32,2019,32,2019-03-10,Purdue,Big Ten,Away,Mackey Arena,91,77,0,16470.0
2020-G01,2020,1,2019-11-06,Elon,CAA,Home,Crisler Center,72,58,0,10265.0
2020-G02,2020,2,2019-11-10,Xavier,Big East,Home,Crisler Center,76,72,0,12667.0
2020-G03,2020,3,2019-11-14,Chicago State,Independent,Home,Crisler Center,100,77,0,12115.0
2020-G04,2020,4,2019-11-18,Central Michigan,MAC,Home,Crisler Center,90,84,0,11548.0
2020-G05,2020,5,2019-11-22,UCLA,Pac-12,Home,Crisler Center,99,112,0,
2020-G06,2020,6,2019-11-26,Oregon,Pac-12,Neutral,T-Mobile Arena,71,73,1,3500.0
2020-G07,2020,7,2019-11-30,South Carolina State,MEAC,Neutral,Little Caesars Arena,89,79,0,9267.0
2020-G08,2020,8,2019-12-04,Detroit Mercy,Horizon,Neutral,T-Mobile Arena,96,87,0,13439.0
2020-G09,2020,9,2019-12-08,Toledo,MAC,Home,Crisler Center,93,94,0,10828.0
2020-G10,2020,10,2019-12-12,UMass Lowell,America East,Home,Crisler Center,98,95,0,12372.0
2020-G11,2020,11,2019-12-16,North Carolina,ACC,Home,Crisler Center,103,96,0,13027.0
2020-G12,2020,12,2019-12-20,Villanova,Big East,Home,Crisler Center,79,84,0,8828.0
2020-G13,2020,13,2019-12-24,Indiana,Big Ten,Home,Crisler Center,84,105,0,12279.0
2020-G14,2020,14,2019-12-28,Northwestern,Big Ten,Away,Welsh-Ryan Arena,64,74,0,9021.0
2020-G15,2020,15,2020-01-01,Maryland,Big Ten,Away,Xfinity Center,103,112,1,18029.0
2020-G16,2020,16,2020-01-05,Rutgers,Big Ten,Home,Crisler Center,102,92,0,13052.0
2020-G17,2020,17,2020-01-09,Wisconsin,Big Ten,Home,Crisler Center,70,89,0,10454.0
2020-G18,2020,18,2020-01-13,Illinois,Big Ten,Away,State Farm Center,93,102,0,12067.0
2020-G19,2020,19,2020-01-17,Ohio State,Big Ten,Home,Crisler Center,92,80,0,11944.0
2020-G20,2020,20,2020-01-21,Penn State,Big Ten,Home,Crisler Center,94,81,0,10853.0
2020-G21,2020,21,2020-01-25,Maryland,Big Ten,Home,Crisler Center,95,90,0,12168.0
2020-G22,2020,22,2020-01-29,Nebraska,Big Ten,Away,Pinnacle Bank Arena,87,73,0,15198.0
2020-G23,2020,23,2020-02-02,Michigan State,Big Ten,Away,Breslin Center,83,78,0,15681.0
2020-G24,2020,24,2020-02-06,Iowa,Big Ten,Away,Carver-Hawkeye Arena,80,83,0,14816.0
2020-G25,2020,25,2020-02-10,Ohio State,Big Ten,Away,Value City Arena,99,100,1,12069.0
2020-G26,2020,26,2020-02-14,Purdue,Big Ten,Home,Crisler Center,101,99,0,11337.0
2020-G27,2020,27,2020-02-18,Michigan State,Big Ten,Home,Crisler Center,87,101,0,12332.0
2020-G28,2020,28,2020-02-22,Purdue,Big Ten,Home,Crisler Center,87,68,0,13552.0
2020-G29,2020,29,2020-02-26,Northwestern,Big Ten,Home,Crisler Center,87,83,1,11271.0
2020-G30,2020,30,2020-03-01,Wisconsin,Big Ten,Home,Crisler Center,103,112,0,9436.0
2020-G31,2020,31,2020-03-05,Minnesota,Big Ten,Home,Crisler Center,73,88,0,12476.0
2020-G32,2020,32,2020-03-09,Minnesota,Big Ten,Away,Williams Arena,87,83,0,
2021-G01,2021,1,2020-11-06,Gonzaga,WCC,Home,Crisler Center,73,62,0,11213.0
2021-G02,2021,2,2020-11-10,Villanova,Big East,Home,Crisler Center,68,65,1,13038.0
2021-G03,2021,3,2020-11-14,North Carolina,ACC,Home,Crisler Center,78,71,0,11959.0
2021-G04,2021,4,2020-11-18,Kentucky,SEC,Home,Crisler Center,76,67,1,12340.0
2021-G05,2021,5,2020-11-22,Xavier,Big East,Home,Crisler Center,87,85,1,10515.0
2021-G06,2021,6,2020-11-26,Oakland,Horizon,Neutral,Mohegan Sun Arena,86,84,1,10574.0
2021-G07,2021,7,2020-11-30,UMass Lowell,America East,Neutral,Barclays Center,79,67,0,10130.0
2021-G08,2021,8,2020-12-04,Youngstown State,Horizon,Neutral,Little Caesars Arena,76,60,0,11495.0
2021-G09,2021,9,2020-12-08,Detroit Mercy,Horizon,Home,Crisler Center,101,84,0,10854.0
2021-G10,2021,10,2020-12-12,Toledo,MAC,Home,Crisler Center,87,75,0,12323.0
2021-G11,2021,11,2020-12-16,Duke,ACC,Home,Crisler Center,79,82,0,11252.0
2021-G12,2021,12,2020-12-20,Elon,CAA,Home,Crisler Center,89,70,0,12256.0
2021-G13,2021,13,2020-12-24,Maryland,Big Ten,Home,Crisler Center,57,56,0,12727.0
2021-G14,2021,14,2020-12-28,Illinois,Big Ten,Away,State Farm Center,88,82,0,12870.0
2021-G15,2021,15,2021-01-01,Wisconsin,Big Ten,Away,Kohl Center,76,77,0,13668.0
2021-G16,2021,16,2021-01-05,Maryland,Big Ten,Away,Xfinity Center,81,72,0,8777.0
2021-G17,2021,17,2021-01-09,Minnesota,Big Ten,Home,Crisler Center,86,82,0,8661.0
2021-G18,2021,18,2021-01-13,Rutgers,Big Ten,Home,Crisler Center,75,70,0,11034.0
2021-G19,2021,19,2021-01-17,Nebraska,Big Ten,Away,Pinnacle Bank Arena,122,117,1,16003.0
2021-G20,2021,20,2021-01-21,Illinois,Big Ten,Away,State Farm Center,49,63,0,14082.0
2021-G21,2021,21,2021-01-25,Ohio State,Big Ten,Away,Value City Arena,61,60,0,11637.0
2021-G22,2021,22,2021-01-29,Penn State,Big Ten,Home,Crisler Center,68,67,0,10237.0
2021-G23,2021,23,2021-02-02,Purdue,Big Ten,Home,Crisler Center,86,87,0,12227.0
2021-G24,2021,24,2021-02-06,Indiana,Big Ten,Home,Crisler Center,97,92,0,13724.0
2021-G25,2021,25,2021-02-10,Iowa,Big Ten,Away,Carver-Hawkeye Arena,85,79,1,13990.0
2021-G26,2021,26,2021-02-14,Penn State,Big Ten,Home,Crisler Center,74,81,0,10159.0
2021-G27,2021,27,2021-02-18,Iowa,Big Ten,Away,Carver-Hawkeye Arena,64,69,0,11843.0
2021-G28,2021,28,2021-02-22,Purdue,Big Ten,Away,Mackey Arena,72,63,0,10402.0
2021-G29,2021,29,2021-02-26,Michigan State,Big Ten,Home,Crisler Center,93,77,0,10460.0
2021-G30,2021,30,2021-03-02,Ohio State,Big Ten,Away,Value City Arena,57,60,0,12508.0
2021-G31,2021,31,2021-03-06,Northwestern,Big Ten,Away,Welsh-Ryan Arena,75,69,0,8037.0
2021-G32,2021,32,2021-03-10,Indiana,Big Ten,Home,Crisler Center,73,55,0,13149.0
2022-G01,2022,1,2021-11-06,North Carolina,ACC,Home,Crisler Center,101,104,0,13057.0
2022-G02,2022,2,2021-11-10,Xavier,Big East,Home,Crisler Center,76,71,0,11244.0
2022-G03,2022,3,2021-11-14,Detroit Mercy,Horizon,Home,Crisler Center,94,62,0,9940.0
2022-G04,2022,4,2021-11-18,Youngstown State,Horizon,Home,Crisler Center,93,78,0,11855.0
2022-G05,2022,5,2021-11-22,Gonzaga,WCC,Home,Crisler Center,76,91,0,11799.0
2022-G06,2022,6,2021-11-26,Chicago State,Independent,Neutral,Barclays Center,72,65,0,3839.0
2022-G07,2022,7,2021-11-30,Texas,Big 12,Neutral,Mohegan Sun Arena,74,72,0,7915.0
2022-G08,2022,8,2021-12-04,Central Michigan,MAC,Neutral,Little Caesars Arena,94,85,0,6955.0
2022-G09,2022,9,2021-12-08,Villanova,Big East,Home,Crisler Center,84,66,0,14110.0
2022-G10,2022,10,2021-12-12,Elon,CAA,Home,Crisler Center,95,80,0,11005.0
2022-G11,2022,11,2021-12-16,Western Michigan,MAC,Home,Crisler Center,79,86,0,11176.0
2022-G12,2022,12,2021-12-20,Kentucky,SEC,Home,Crisler Center,87,78,0,10357.0
2022-G13,2022,13,2021-12-24,Penn State,Big Ten,Away,Bryce Jordan Center,89,88,0,10872.0
2022-G14,2022,14,2021-12-28,Illinois,Big Ten,Away,State Farm Center,97,104,0,13412.0
2022-G15,2022,15,2022-01-01,Indiana,Big Ten,Home,Crisler Center,79,59,0,11106.0
2022-G16,2022,16,2022-01-05,Purdue,Big Ten,Home,Crisler Center,95,107,0,11211.0
2022-G17,2022,17,2022-01-09,Michigan State,Big Ten,Home,Crisler Center,75,80,0,9254.0
2022-G18,2022,18,2022-01-13,Illinois,Big Ten,Home,Crisler Center,85,77,0,11234.0
2022-G19,2022,19,2022-01-17,Indiana,Big Ten,Away,Simon Skjodt Assembly Hall,113,109,0,13328.0
2022-G20,2022,20,2022-01-21,Nebraska,Big Ten,Away,Pinnacle Bank Arena,85,107,0,10067.0
2022-G21,2022,21,2022-01-25,Iowa,Big Ten,Away,Carver-Hawkeye Arena,59,52,0,12433.0
2022-G22,2022,22,2022-01-29,Maryland,Big Ten,Away,Xfinity Center,86,84,0,9242.0
2022-G23,2022,23,2022-02-02,Rutgers,Big Ten,Home,Crisler Center,106,107,0,13154.0
2022-G24,2022,24,2022-02-06,Maryland,Big Ten,Away,Xfinity Center,96,100,0,
2022-G25,2022,25,2022-02-10,Minnesota,Big Ten,Away,Williams Arena,94,91,0,11483.0
2022-G26,2022,26,2022-02-14,Ohio State,Big Ten,Home,Crisler Center,74,65,0,8528.0
2022-G27,2022,27,2022-02-18,Purdue,Big Ten,Home,Crisler Center,91,88,0,12940.0
2022-G28,2022,28,2022-02-22,Wisconsin,Big Ten,Away,Kohl Center,65,71,0,11709.0
2022-G29,2022,29,2022-02-26,Ohio State,Big Ten,Away,Value City Arena,89,73,0,16385.0
2022-G30,2022,30,2022-03-02,Iowa,Big Ten,Home,Crisler Center,97,91,0,10282.0
2022-G31,2022,31,2022-03-06,Northwestern,Big Ten,Away,Welsh-Ryan Arena,89,73,0,14302.0
2022-G32,2022,32,2022-03-10,Wisconsin,Big Ten,Home,Crisler Center,110,112,1,
2023-G01,2023,1,2022-11-06,Kentucky,SEC,Home,Crisler Center,107,112,0,11689.0
2023-G02,2023,2,2022-11-10,UMass Lowell,America East,Home,Crisler Center,71,64,0,12234.0
2023-G03,2023,3,2022-11-14,Creighton,Big East,Home,Crisler Center,66,68,0,12522.0
2023-G04,2023,4,2022-11-18,Detroit Mercy,Horizon,Home,Crisler Center,72,58,0,12456.0
2023-G05,2023,5,2022-11-22,Xavier,Big East,Home,Crisler Center,106,105,0,10898.0
2023-G06,2023,6,2022-11-26,Duke,ACC,Neutral,Mohegan Sun Arena,79,97,0,12084.0
2023-G07,2023,7,2022-11-30,Western Michigan,MAC,Neutral,Barclays Center,78,74,0,11133.0
2023-G08,2023,8,2022-12-04,Chicago State,Independent,Neutral,Little Caesars Arena,76,50,0,6538.0
2023-G09,2023,9,2022-12-08,Presbyterian,Big South,Home,Crisler Center,74,59,0,12391.0
2023-G10,2023,10,2022-12-12,Oregon,Pac-12,Home,Crisler Center,77,112,0,9650.0
2023-G11,2023,11,2022-12-16,Villanova,Big East,Home,Crisler Center,91,87,0,13383.0
2023-G12,2023,12,2022-12-20,Elon,CAA,Home,Crisler Center,81,73,0,11969.0
2023-G13,2023,13,2022-12-24,Illinois,Big Ten,Home,Crisler Center,85,103,0,11043.0
2023-G14,2023,14,2022-12-28,Wisconsin,Big Ten,Away,Kohl Center,102,108,0,11965.0
2023-G15,2023,15,2023-01-01,Penn State,Big Ten,Away,Bryce Jordan Center,69,56,0,22000.0
2023-G16,2023,16,2023-01-05,Indiana,Big Ten,Away,Simon Skjodt Assembly Hall,93,87,0,11773.0
2023-G17,2023,17,2023-01-09,Nebraska,Big Ten,Away,Pinnacle Bank Arena,93,77,0,
2023-G18,2023,18,2023-01-13,Maryland,Big Ten,Home,Crisler Center,87,94,0,15766.0
2023-G19,2023,19,2023-01-17,Rutgers,Big Ten,Home,Crisler Center,74,99,0,12366.0
2023-G20,2023,20,2023-01-21,Penn State,Big Ten,Away,Bryce Jordan Center,92,99,0,14155.0
2023-G21,2023,21,2023-01-25,Nebraska,Big Ten,Home,Crisler Center,77,71,0,14770.0
2023-G22,2023,22,2023-01-29,Rutgers,Big Ten,Away,Jersey Mike's Arena,77,76,0,11272.0
2023-G23,2023,23,2023-02-02,Ohio State,Big Ten,Away,Value City Arena,93,98,0,13353.0
2023-G24,2023,24,2023-02-06,Purdue,Big Ten,Away,Mackey Arena,83,101,0,18489.0
2023-G25,2023,25,2023-02-10,Indiana,Big Ten,Home,Crisler Center,76,83,0,12133.0
2023-G26,2023,26,2023-02-14,Minnesota,Big Ten,Away,Williams Arena,96,112,0,9268.0
2023-G27,2023,27,2023-02-18,Iowa,Big Ten,Home,Crisler Center,71,61,0,11789.0
2023-G28,2023,28,2023-02-22,Michigan State,Big Ten,Away,Breslin Center,91,112,0,9729.0
2023-G29,2023,29,2023-02-26,Northwestern,Big Ten,Away,Welsh-Ryan Arena,88,94,0,14660.0
2023-G30,2023,30,2023-03-02,Ohio State,Big Ten,Home,Crisler Center,94,97,0,9462.0
2023-G31,2023,31,2023-03-06,Wisconsin,Big Ten,Away,Kohl Center,91,83,0,22000.0
2023-G32,2023,32,2023-03-10,Northwestern,Big Ten,Away,Welsh-Ryan Arena,75,83,0,8921.0
2024-G01,2024,1,2023-11-06,Oregon,Pac-12,Home,Crisler Center,74,77,0,11639.0
2024-G02,2024,2,2023-11-10,Central Michigan,MAC,Home,Crisler Center,89,90,0,15865.0
2024-G03,2024,3,2023-11-14,Presbyterian,Big South,Home,Crisler Center,110,108,0,10457.0
2024-G04,2024,4,2023-11-18,Villanova,Big East,Home,Crisler Center,64,82,0,11681.0
2024-G05,2024,5,2023-11-22,Duke,ACC,Home,Crisler Center,73,92,0,11898.0
2024-G06,2024,6,2023-11-26,Toledo,MAC,Neutral,T-Mobile Arena,83,85,0,15875.0
2024-G07,2024,7,2023-11-30,Detroit Mercy,Horizon,Neutral,Mohegan Sun Arena,89,97,0,
2024-G08,2024,8,2023-12-04,Oakland,Horizon,Neutral,T-Mobile Arena,89,85,0,11806.0
2024-G09,2024,9,2023-12-08,Kentucky,SEC,Home,Crisler Center,105,112,1,13045.0
2024-G10,2024,10,2023-12-12,Gonzaga,WCC,Home,Crisler Center,74,85,0,14216.0
2024-G11,2024,11,2023-12-16,Texas,Big 12,Home,Crisler Center,61,69,0,10158.0
2024-G12,2024,12,2023-12-20,Kansas,Big 12,Home,Crisler Center,90,92,1,12698.0
2024-G13,2024,13,2023-12-24,Illinois,Big Ten,Home,Crisler Center,82,70,0,11725.0
2024-G14,2024,14,2023-12-28,Maryland,Big Ten,Home,Crisler Center,71,65,1,11703.0
2024-G15,2024,15,2024-01-01,Indiana,Big Ten,Home,Crisler Center,60,68,0,9576.0
2024-G16,2024,16,2024-01-05,Penn State,Big Ten,Home,Crisler Center,76,78,0,12923.0
2024-G17,2024,17,2024-01-09,Ohio State,Big Ten,Home,Crisler Center,92,98,0,13049.0
2024-G18,2024,18,2024-01-13,Northwestern,Big Ten,Home,Crisler Center,55,45,0,10878.0
2024-G19,2024,19,2024-01-17,Rutgers,Big Ten,Home,Crisler Center,83,89,0,12112.0
2024-G20,2024,20,2024-01-21,Nebraska,Big Ten,Away,Pinnacle Bank Arena,76,90,0,8300.0
2024-G21,2024,21,2024-01-25,Ohio State,Big Ten,Away,Value City Arena,79,78,0,22000.0
2024-G22,2024,22,2024-01-29,Maryland,Big Ten,Home,Crisler Center,75,66,0,13427.0
2024-G23,2024,23,2024-02-02,Penn State,Big Ten,Home,Crisler Center,62,54,1,10491.0
2024-G24,2024,24,2024-02-06,Iowa,Big Ten,Away,Carver-Hawkeye Arena,68,58,0,4610.0
2024-G25,2024,25,2024-02-10,Northwestern,Big Ten,Away,Welsh-Ryan Arena,89,85,0,19452.0
2024-G26,2024,26,2024-02-14,Iowa,Big Ten,Away,Carver-Hawkeye Arena,91,95,0,12064.0
2024-G27,2024,27,2024-02-18,Purdue,Big Ten,Home,Crisler Center,82,90,0,12110.0
2024-G28,2024,28,2024-02-22,Purdue,Big Ten,Away,Mackey Arena,89,93,1,12511.0
2024-G29,2024,29,2024-02-26,Michigan State,Big Ten,Away,Breslin Center,67,69,0,15514.0
2024-G30,2024,30,2024-03-01,Minnesota,Big Ten,Home,Crisler Center,82,81,0,11758.0
2024-G31,2024,31,2024-03-05,Wisconsin,Big Ten,Away,Kohl Center,75,77,1,11087.0
2024-G32,2024,32,2024-03-09,Illinois,Big Ten,Away,State Farm Center,80,112,0,9989.0
