jersey,player,position,class,shoots,height,weight_lb,hometown
1,N. Kaminski,G,Jr,L,6-2,190,"Warren, MI"
2,P. Vander-Meer,D,Sr,R,6-4,212,"Grand Rapids, MI"
4,J. Ferris,D,So,L,6-1,196,"Barrie, ON"
6,L. O'Halloran,D,Jr,L,5-11,184,"Dorchester, MA"
8,R. St. Pierre,D,Fr,R,6-0,188,"Trois-Rivieres, QC"
9,R. Karr,F,So,R,5-11,181,"Chicago, IL"
10,E. Marchand,F,Sr,L,6-0,190,"Ottawa, ON"
11,D. Ochoa,F,Jr,R,5-9,172,"Anaheim, CA"
12,S. Rutledge,F,Fr,L,6-1,186,"Ann Arbor, MI"
14,C. Wiegand,D,So,R,6-2,201,"Stockholm, Sweden"
16,K. Nystrom,F,So,L,6-2,195,"Gothenburg, Sweden"
17,T. Brennan,F,Jr,R,6-0,188,"Toronto, ON"
18,H. Okafor,F,Fr,R,6-3,204,"Houston, TX"
19,B. Lindgren,F,Sr,L,5-10,176,"Duluth, MN"
20,G. Pasternak,F,So,R,6-1,192,"Prague, Czechia"
21,W. Achterberg,F,Jr,L,6-2,198,"Holland, MI"
22,F. Delacroix,F,Fr,L,5-11,180,"Montreal, QC"
23,M. Boychuk,D,Sr,L,6-3,207,"Sherwood Park, AB"
24,V. Sepp,F,So,R,6-0,185,"Tallinn, Estonia"
25,O. Brightwater,F,Sr,L,6-4,215,"Calgary, AB"
26,A. Quintero,F,Jr,R,5-9,170,"Miami, FL"
27,T. Ilves,D,Fr,L,5-10,178,"Tampere, Finland"
28,M. Halloran,F,Fr,L,6-1,189,"Boston, MA"
29,J. Teodoro,F,So,R,5-10,177,"Manila, Philippines"
31,A. Sorenson,G,Fr,L,6-3,198,"Edina, MN"
44,Z. Vandenberg,F,Sr,L,6-5,221,"Kalamazoo, MI"
