character,full_name,role,first_season
ART VANDELAY,Art Vandelay,mentioned,2
BANIA,Kenny Bania,recurring,6
BOB SACAMANO,Bob Sacamano,mentioned,3
BOSS,,guest,3
BUS DRIVER,,guest,4
CAB DRIVER,,guest,2
CLERK,,guest,1
DOCTOR,,guest,2
DOORMAN,,guest,3
ELAINE,Elaine Benes,main,2
ESTELLE,Estelle Costanza,recurring,4
FRANK,Frank Costanza,recurring,4
GEORGE,George Costanza,main,1
HELEN,Helen Seinfeld,recurring,2
JACKIE CHILES,Jackie Chiles,recurring,7
JERRY,Jerry Seinfeld,main,1
KRAMER,Kramer,main,1
LAWYER,,guest,4
LLOYD BRAUN,Lloyd Braun,recurring,6
LOMEZ,Lomez,mentioned,4
MAILMAN,,guest,3
MAN,,guest,1
MICKEY,Mickey Abbott,recurring,6
MORTY,Morty Seinfeld,recurring,2
NEIGHBOR,,guest,1
NEWMAN,Newman,recurring,3
PETERMAN,J. Peterman,recurring,6
PUDDY,David Puddy,recurring,6
REPORTER,,guest,5
STEINBRENNER,George Steinbrenner,recurring,5
SUSAN,Susan Ross,recurring,4
UNCLE LEO,Uncle Leo,recurring,2
WAITRESS,,guest,1
WOMAN,,guest,1
