episode_id,season,episode_in_season,episode_overall,title,air_date,writers,director,runtime_min,us_viewers_millions,imdb_rating
S01E01,1,1,1,The Fusilli Contest,1989-09-07,Marjorie Gross | Steve Koren,Tom Cherones,22,10.65,7.5
S01E02,1,2,2,The Merv Griffin Show,1989-09-14,Larry David,Tom Cherones,23,15.86,7.4
S01E03,1,3,3,The Strike,1989-10-07,Jerry Seinfeld,Joshua White,22,18.68,7.7
S01E04,1,4,4,The Cafe,1989-10-14,Elaine Pope | Larry David,Joshua White,22,13.99,6.9
S01E05,1,5,5,The Fusilli Jerry,1989-10-21,Larry David,Joshua White,23,12.4,7.4
S02E01,2,1,6,The Implant,1990-09-06,Larry David,Tom Cherones,22,,7.0
S02E02,2,2,7,The Money,1990-09-21,Larry David,Joshua White,22,14.84,7.9
S02E03,2,3,8,The Doorman's Nephew,1990-09-28,Carol Leifer | Max Pross,Tom Cherones,23,12.6,7.9
S02E04,2,4,9,The Junk Mail,1990-10-19,Larry David | Jerry Seinfeld,Tom Cherones,23,19.23,7.8
S02E05,2,5,10,The Keys,1990-10-26,Andy Robin | Larry Charles,Tom Cherones,22,16.08,8.0
S02E06,2,6,11,The Maestro,1990-11-02,Larry David,Tom Cherones,23,19.85,7.7
S02E07,2,7,12,The Blood,1990-11-09,Larry David,Joshua White,22,13.1,8.4
S02E08,2,8,13,The Heart Attack,1990-11-16,Marjorie Gross,Tom Cherones,22,,7.8
S02E09,2,9,14,The Smoke Alarm,1990-11-23,David Mandel | Tom Gammill,Tom Cherones,22,12.89,7.1
S02E10,2,10,15,The Masseuse,1990-12-09,Jerry Seinfeld,Tom Cherones,22,16.59,7.5
S02E11,2,11,16,The Bubble Boy,1990-12-16,Peter Mehlman | Larry Charles,Tom Cherones,22,16.79,6.9
S02E12,2,12,17,The Bottle Return,1990-12-30,Bruce Kirschbaum,Joshua White,23,11.96,7.9
S03E01,3,1,18,The Sniffing Accountant,1991-09-05,Larry David,Tom Cherones,22,20.81,8.2
S03E02,3,2,19,The Shoes,1991-09-12,Peter Mehlman,Tom Cherones,22,20.47,7.8
S03E03,3,3,20,The Jacket,1991-09-19,Alec Berg,Joshua White,22,13.98,7.2
S03E04,3,4,21,The Glasses,1991-09-26,Jerry Seinfeld,Tom Cherones,22,17.52,8.5
S03E05,3,5,22,The Opposite,1991-10-03,David Mandel | Larry David,Tom Cherones,22,18.06,7.4
S03E06,3,6,23,The Andrea Doria,1991-10-10,Jennifer Crittenden,Tom Cherones,23,19.69,7.4
S03E07,3,7,24,The Big Salad,1991-10-17,Andy Robin,Tom Cherones,22,18.45,6.2
S03E08,3,8,25,The Marine Biologist,1991-11-13,Bruce Kirschbaum | Larry David,Joshua White,22,,
S03E09,3,9,26,The Library,1991-11-20,Larry David,Joshua White,22,,7.8
S03E10,3,10,27,The Diplomat's Club,1991-12-13,Marjorie Gross,Tom Cherones,22,17.58,7.6
S03E11,3,11,28,The Diner,1992-01-02,Larry David | Gregg Kavet,Tom Cherones,22,19.44,8.0
S03E12,3,12,29,The Pitch,1992-01-09,Peter Mehlman | Larry David,Tom Cherones,22,18.9,9.1
S03E13,3,13,30,The Busboy,1992-01-16,Carol Leifer,Joshua White,22,16.18,7.7
S03E14,3,14,31,The Conversion,1992-01-23,Carol Leifer,Tom Cherones,23,16.87,7.8
S03E15,3,15,32,The Stranded,1992-02-06,Steve Koren,Joshua White,23,17.7,8.2
S03E16,3,16,33,The Millennium,1992-02-13,Jeff Schaffer,Tom Cherones,22,15.73,8.3
S03E17,3,17,34,The Revenge,1992-02-20,Alec Berg,Tom Cherones,22,17.49,7.9
S03E18,3,18,35,The Soul Mate,1992-03-12,Jennifer Crittenden,Tom Cherones,23,23.13,7.6
S03E19,3,19,36,The Parking Garage,1992-03-19,Steve Koren,Tom Cherones,22,16.57,7.8
S03E20,3,20,37,The Understudy,1992-03-26,Jerry Seinfeld | Larry David,Tom Cherones,23,16.81,7.7
S03E21,3,21,38,The Lip Reader,1992-04-02,Jennifer Crittenden | Peter Mehlman,Tom Cherones,22,22.03,8.7
S03E22,3,22,39,The Serenity,1992-04-09,Max Pross,Joshua White,22,16.89,7.3
S03E23,3,23,40,The Airport Lounge,1992-04-16,Jeff Schaffer | Larry Charles,Tom Cherones,23,19.58,8.6
S04E01,4,1,41,The Suicide,1992-09-03,Max Pross,Tom Cherones,23,25.46,8.6
S04E02,4,2,42,The Statue Garden,1992-09-10,Andy Robin,Tom Cherones,23,20.12,8.0
S04E03,4,3,43,The Apology,1992-09-17,Larry David,Tom Cherones,44,22.08,8.2
S04E04,4,4,44,The Cartoon,1992-09-24,Larry David | Jerry Seinfeld,Joshua White,22,21.49,7.6
S04E05,4,5,45,The Chaperone,1992-10-01,Tom Gammill,Tom Cherones,23,,7.4
S04E06,4,6,46,The Maid,1992-10-22,Jerry Seinfeld,Tom Cherones,22,27.16,8.8
S04E07,4,7,47,The Highlights,1992-10-29,Larry David | Alec Berg,Joshua White,22,19.93,7.7
S04E08,4,8,48,The Little Jerry,1992-11-05,Jennifer Crittenden | Alec Berg,Tom Cherones,23,,8.2
S04E09,4,9,49,The Face Painter,1992-12-02,Jerry Seinfeld | Max Pross,Tom Cherones,23,21.05,7.7
S04E10,4,10,50,The Yada Yada Yada,1992-12-09,Larry Charles | Steve Koren,Tom Cherones,22,,7.5
S04E11,4,11,51,The Hot Tub,1992-12-16,David Mandel,Tom Cherones,23,20.57,7.3
S04E12,4,12,52,The Stock Tip,1993-01-09,Larry David,Tom Cherones,44,23.98,8.2
S04E13,4,13,53,The Roommate,1993-01-16,Jerry Seinfeld,Tom Cherones,22,22.4,8.2
S04E14,4,14,54,The Limo,1993-01-23,Tom Gammill,Tom Cherones,22,19.03,8.9
S04E15,4,15,55,The Fatigues,1993-01-30,Jennifer Crittenden | Larry David,Joshua White,44,18.99,8.6
S04E16,4,16,56,The Baby Shower,1993-02-06,Elaine Pope,Tom Cherones,44,24.68,7.9
S04E17,4,17,57,The Bris,1993-02-13,Jeff Schaffer,Joshua White,22,20.83,7.7
S04E18,4,18,58,The Abstinence,1993-02-20,Jerry Seinfeld | Marjorie Gross,Tom Cherones,22,20.31,7.5
S04E19,4,19,59,The Junior Mint,1993-02-27,Spike Feresten,Tom Cherones,23,23.79,8.1
S04E20,4,20,60,The Friars,1993-03-06,Larry Charles,Tom Cherones,22,25.91,7.7
S04E21,4,21,61,The Smelly Car,1993-03-13,Jerry Seinfeld,Tom Cherones,22,15.84,7.9
S04E22,4,22,62,The Ex-Girlfriend,1993-04-08,Gregg Kavet | David Mandel,Tom Cherones,23,,8.0
S04E23,4,23,63,The Stand-In,1993-05-01,Larry David,Joshua White,23,23.4,
S04E24,4,24,64,The Rye,1993-05-08,David Mandel,Tom Cherones,22,18.36,7.7
S05E01,5,1,65,The Deal,1993-09-02,Larry David,Tom Cherones,22,26.58,8.1
S05E02,5,2,66,The Airport,1993-09-09,Max Pross | Jeff Schaffer,Tom Cherones,22,24.54,7.7
S05E03,5,3,67,The Non-Fat Yogurt,1993-09-16,Tom Gammill,Tom Cherones,22,23.76,7.9
S05E04,5,4,68,The Wife,1993-09-23,Jennifer Crittenden,Tom Cherones,23,19.0,8.1
S05E05,5,5,69,The Couch,1993-10-14,Max Pross,Tom Cherones,22,23.38,7.8
S05E06,5,6,70,The Ticket,1993-11-07,Larry David,Tom Cherones,22,27.47,8.3
S05E07,5,7,71,The Soup Nazi,1993-11-14,Spike Feresten | Jennifer Crittenden,Tom Cherones,23,21.5,7.9
S05E08,5,8,72,The Male Unbonding,1993-11-21,Andy Robin,Tom Cherones,22,26.55,7.3
S05E09,5,9,73,The Invitations,1993-11-28,Larry David,Tom Cherones,22,20.62,8.1
S05E10,5,10,74,The Cheever Letters,1993-12-05,Steve Koren | Jeff Schaffer,Tom Cherones,23,24.57,8.4
S05E11,5,11,75,The Muffin,1993-12-21,Larry David,Tom Cherones,23,20.9,7.4
S05E12,5,12,76,The Alternate Side,1993-12-28,Jerry Seinfeld | Larry David,Tom Cherones,22,24.4,7.6
S05E13,5,13,77,The Diplomat,1994-01-04,Larry David,Tom Cherones,44,22.56,
S05E14,5,14,78,The Dog,1994-01-11,Jennifer Crittenden,Joshua White,22,24.66,7.9
S05E15,5,15,79,The Kiss Hello,1994-01-18,Max Pross,Tom Cherones,22,25.23,8.6
S05E16,5,16,80,The Contact Lens,1994-02-07,Jeff Schaffer,Joshua White,22,27.93,7.8
S05E17,5,17,81,The Boyfriend,1994-02-14,Larry David,Joshua White,22,21.87,8.3
S05E18,5,18,82,The Nap,1994-02-21,Larry David | Tom Gammill,Tom Cherones,23,26.95,8.0
S05E19,5,19,83,The Cafe Owner,1994-02-28,Jerry Seinfeld,Tom Cherones,23,,8.9
S05E20,5,20,84,The Summer of George,1994-03-17,Steve Koren | Spike Feresten,Tom Cherones,22,24.57,7.4
S05E21,5,21,85,The Comeback,1994-03-24,Jeff Schaffer,Tom Cherones,22,21.36,7.9
S05E22,5,22,86,The Puffy Shirt,1994-03-31,Peter Mehlman | Jerry Seinfeld,Tom Cherones,22,23.04,8.2
S06E01,6,1,87,The Yada Yada,1994-09-01,Marjorie Gross,Andy Ackerman,22,22.18,8.4
S06E02,6,2,88,The Baby,1994-09-27,Peter Mehlman,Andy Ackerman,22,26.49,9.1
S06E03,6,3,89,The Subway,1994-10-11,Tom Gammill,Andy Ackerman,22,23.44,8.4
S06E04,6,4,90,The Foundation,1994-10-30,Carol Leifer,Andy Ackerman,23,24.6,8.2
S06E05,6,5,91,The Muffin Tops,1994-11-16,Jerry Seinfeld,Andy Ackerman,23,26.78,8.1
S06E06,6,6,92,The Burning,1994-11-23,Jerry Seinfeld,David Owen Trainor,44,28.05,7.9
S06E07,6,7,93,The Virgin,1994-11-30,Tom Gammill,Andy Ackerman,44,26.26,8.2
S06E08,6,8,94,The Cadillac,1994-12-07,Jerry Seinfeld | Larry David,Andy Ackerman,22,22.71,8.4
S06E09,6,9,95,The Secret Code,1995-01-03,Jeff Schaffer,Andy Ackerman,22,23.3,8.8
S06E10,6,10,96,The Reverse Peephole,1995-01-26,Tom Gammill,David Owen Trainor,22,25.95,8.3
S06E11,6,11,97,The Letter,1995-02-02,Gregg Kavet,Andy Ackerman,22,21.27,7.7
S06E12,6,12,98,The Contest,1995-03-02,Larry David,David Owen Trainor,23,23.57,8.7
S06E13,6,13,99,The Label Maker,1995-03-29,Larry David | Spike Feresten,Andy Ackerman,22,31.68,8.2
S06E14,6,14,100,The Bottle Deposit,1995-04-21,Jerry Seinfeld,David Owen Trainor,23,24.1,8.0
S06E15,6,15,101,The Strongbox,1995-04-28,Gregg Kavet,Andy Ackerman,22,26.83,8.4
S06E16,6,16,102,The Betrayal Party,1995-05-05,Gregg Kavet,Andy Ackerman,44,27.34,8.2
S06E17,6,17,103,The Doorman,1995-05-12,Gregg Kavet | Max Pross,Andy Ackerman,22,29.96,7.8
S06E18,6,18,104,The Fix Up,1995-05-26,Jeff Schaffer,Andy Ackerman,44,23.63,8.0
S06E19,6,19,105,The Gymnast,1995-06-02,Peter Mehlman | Andy Robin,Andy Ackerman,23,24.93,8.0
S06E20,6,20,106,The Calzone,1995-06-09,Peter Mehlman,David Owen Trainor,44,23.65,8.6
S06E21,6,21,107,The Friars Club,1995-06-16,Larry David,Andy Ackerman,22,27.98,7.5
S06E22,6,22,108,The Package,1995-06-23,Larry David,Andy Ackerman,22,22.77,
S06E23,6,23,109,The Visa,1995-06-30,Larry David | Peter Mehlman,Andy Ackerman,23,26.22,7.3
S06E24,6,24,110,The Beard,1995-07-16,Tom Gammill,David Owen Trainor,44,26.38,8.5
S07E01,7,1,111,The Note,1995-09-07,Larry David | Alec Berg,Andy Ackerman,44,28.63,7.3
S07E02,7,2,112,The Chinese Restaurant,1995-09-14,Jerry Seinfeld,Andy Ackerman,23,30.68,8.6
S07E03,7,3,113,The Wallet,1995-09-21,Steve Koren,Andy Ackerman,22,28.32,8.0
S07E04,7,4,114,The Jughandle,1995-09-28,Larry David | Peter Mehlman,Andy Ackerman,23,28.87,8.9
S07E05,7,5,115,The Sponge,1995-10-05,Larry David | Larry Charles,Andy Ackerman,44,28.64,9.2
S07E06,7,6,116,The Wait Out,1995-10-30,Larry David,David Owen Trainor,23,28.9,8.7
S07E07,7,7,117,The Phone Message,1995-11-06,Andy Robin,Andy Ackerman,44,24.81,8.3
S07E08,7,8,118,The Wizard,1995-11-13,Peter Mehlman,Andy Ackerman,44,23.73,8.1
S07E09,7,9,119,The Van Buren,1995-11-20,Jerry Seinfeld,David Owen Trainor,23,29.58,8.9
S07E10,7,10,120,The Wink,1995-11-27,Spike Feresten,David Owen Trainor,22,26.07,8.3
S07E11,7,11,121,The Jimmy,1995-12-04,Alec Berg,Andy Ackerman,23,25.15,8.3
S07E12,7,12,122,The Boyfriend Part Two,1995-12-11,Gregg Kavet,Andy Ackerman,23,27.92,8.1
S07E13,7,13,123,The Seven,1995-12-18,Jerry Seinfeld,Andy Ackerman,44,25.22,8.8
S07E14,7,14,124,The Pony Remark,1996-01-15,Steve Koren,David Owen Trainor,22,27.16,7.8
S07E15,7,15,125,The Dinner Party,1996-01-22,Larry David,Andy Ackerman,23,27.99,8.5
S07E16,7,16,126,The Puerto Rican Day,1996-01-29,Max Pross | Larry David,David Owen Trainor,23,,9.0
S07E17,7,17,127,The Little Kicks,1996-02-21,David Mandel,David Owen Trainor,22,29.85,7.7
S07E18,7,18,128,The Seinfeld Chronicles,1996-02-28,Max Pross | Larry David,David Owen Trainor,23,28.58,7.7
S07E19,7,19,129,The Fusilli,1996-03-26,Larry David | Jerry Seinfeld,Andy Ackerman,23,26.59,7.9
S07E20,7,20,130,The Doll,1996-04-22,Peter Mehlman,Andy Ackerman,44,25.34,7.8
S07E21,7,21,131,The Doodle,1996-04-29,Alec Berg | Larry David,Andy Ackerman,22,,8.8
S07E22,7,22,132,The Robbery,1996-05-06,Alec Berg,Andy Ackerman,22,27.0,7.8
S07E23,7,23,133,The Checks,1996-05-13,Peter Mehlman | Tom Gammill,Andy Ackerman,22,22.67,8.0
S07E24,7,24,134,The Butter Shave,1996-05-20,Larry David | David Mandel,Andy Ackerman,23,23.34,8.6
S08E01,8,1,135,The Watch,1996-09-05,Max Pross | Jerry Seinfeld,Andy Ackerman,23,29.41,8.6
S08E02,8,2,136,The Slicer,1996-09-12,Jerry Seinfeld,David Owen Trainor,44,28.6,9.1
S08E03,8,3,137,The Chicken Roaster,1996-09-29,Jerry Seinfeld,Andy Ackerman,22,30.72,8.4
S08E04,8,4,138,The Pool Guy,1996-10-20,Larry David,Andy Ackerman,22,32.68,8.9
S08E05,8,5,139,The Fire Truck,1996-11-11,Steve Koren | Tom Gammill,Andy Ackerman,22,31.01,9.1
S08E06,8,6,140,The Trip,1996-11-18,Max Pross | Jerry Seinfeld,Andy Ackerman,22,31.88,9.2
S08E07,8,7,141,The Pledge Drive,1996-11-25,Larry David | Alec Berg,Andy Ackerman,22,31.51,8.5
S08E08,8,8,142,The Voice Mail,1996-12-02,Larry David | Gregg Kavet,Andy Ackerman,22,25.42,8.3
S08E09,8,9,143,The Postponement,1996-12-09,Jerry Seinfeld | David Mandel,Andy Ackerman,23,34.03,8.3
S08E10,8,10,144,The Nose Job,1996-12-16,Jerry Seinfeld,Andy Ackerman,23,29.56,8.4
S08E11,8,11,145,The Soup,1996-12-23,Jeff Schaffer | Larry David,Andy Ackerman,44,30.75,8.5
S08E12,8,12,146,The Good Samaritan,1996-12-30,Carol Leifer | Gregg Kavet,David Owen Trainor,22,32.48,8.1
S08E13,8,13,147,The Red Dot,1997-01-06,Tom Gammill | Larry Charles,Andy Ackerman,22,27.6,8.8
S08E14,8,14,148,The Stall,1997-01-13,Peter Mehlman,Andy Ackerman,44,30.83,8.8
S08E15,8,15,149,The Switch,1997-01-20,Jerry Seinfeld,David Owen Trainor,44,,8.4
S08E16,8,16,150,The Chicken,1997-01-27,Larry David | Andy Robin,Andy Ackerman,23,30.33,8.7
S08E17,8,17,151,The Hot Dog,1997-02-03,Larry David,Andy Ackerman,22,24.26,8.7
S08E18,8,18,152,The Tape,1997-03-03,Larry David,David Owen Trainor,22,29.79,8.4
S08E19,8,19,153,The Raincoats,1997-03-20,Larry David | Jeff Schaffer,Andy Ackerman,22,34.5,9.0
S08E20,8,20,154,The Scofflaw,1997-03-27,Andy Robin,Andy Ackerman,22,30.65,7.8
S08E21,8,21,155,The Hamptons,1997-04-15,Carol Leifer,Andy Ackerman,23,33.59,
S08E22,8,22,156,The Wig Master,1997-04-22,Jerry Seinfeld,Andy Ackerman,22,31.42,7.9
S09E01,9,1,157,The Junior Mints,1997-09-04,Larry Charles | Larry David,Andy Ackerman,22,31.73,8.9
S09E02,9,2,158,The Race,1997-09-11,Larry David,David Owen Trainor,22,31.31,7.6
S09E03,9,3,159,The Fire,1997-09-18,Spike Feresten | Larry David,Andy Ackerman,23,31.87,8.4
S09E04,9,4,160,The Kramer Show,1997-09-25,Larry David | Max Pross,Andy Ackerman,44,32.16,8.1
S09E05,9,5,161,The Statue,1997-10-02,Spike Feresten,Andy Ackerman,22,30.06,8.2
S09E06,9,6,162,The Old Man,1997-10-09,Larry David,Andy Ackerman,22,31.32,8.3
S09E07,9,7,163,The Bris Party,1997-11-04,Marjorie Gross | Spike Feresten,Andy Ackerman,23,37.93,8.7
S09E08,9,8,164,The Long Weekend,1997-11-11,Andy Robin | Peter Mehlman,David Owen Trainor,22,30.58,8.8
S09E09,9,9,165,The Outing,1997-12-05,Larry Charles | Tom Gammill,Andy Ackerman,22,32.19,8.9
S09E10,9,10,166,The Yada,1997-12-12,Alec Berg | Jeff Schaffer,Andy Ackerman,22,30.36,9.1
S09E11,9,11,167,The Handicap Spot,1997-12-27,Tom Gammill,Andy Ackerman,22,32.15,8.7
S09E12,9,12,168,The Barber,1998-01-03,Jennifer Crittenden | Tom Gammill,Andy Ackerman,23,34.09,8.7
S09E13,9,13,169,The Engagement,1998-01-10,Max Pross,David Owen Trainor,22,34.51,8.3
S09E14,9,14,170,The Opera,1998-01-17,Larry David,Andy Ackerman,22,,8.4
S09E15,9,15,171,The Sweater,1998-02-02,Larry David,Andy Ackerman,22,34.9,8.6
S09E16,9,16,172,The Betrayal,1998-02-09,Peter Mehlman,Andy Ackerman,44,32.45,8.4
S09E17,9,17,173,The Bookstore,1998-02-16,Jerry Seinfeld | David Mandel,David Owen Trainor,23,30.97,7.8
S09E18,9,18,174,The Pen,1998-02-23,Max Pross,Andy Ackerman,23,32.64,7.8
S09E19,9,19,175,The Bizarro Jerry,1998-03-02,Larry Charles,Andy Ackerman,44,31.12,8.6
S09E20,9,20,176,The Parking Space,1998-03-29,Carol Leifer,Andy Ackerman,22,33.14,
S09E21,9,21,177,The Pothole,1998-04-05,Larry David,Andy Ackerman,23,32.2,9.0
S09E22,9,22,178,The Truth,1998-05-03,Gregg Kavet | Larry David,David Owen Trainor,22,33.32,8.9
S09E23,9,23,179,The Frogger,1998-05-10,Andy Robin | Tom Gammill,Andy Ackerman,22,,9.0
S09E24,9,24,180,The Voice,1998-05-17,Larry David,Andy Ackerman,23,36.64,8.9
